"tree_id","plot_id","species","tag","tree_status","notes"
"TC305DG_001_cap1","TC305DG","rm",,,
"TC305DG_002_cap1","TC305DG","rm",,,
"TC305DG_003_cap1","TC305DG","rm",,,
"TC305DG_004_cap1","TC305DG","rm",,,
"TC305DG_005_cap1","TC305DG","rm",,,
"TC305DG_006_cap1","TC305DG","rm",,,
"TC305DG_007_cap1","TC305DG","rm",,,
"TC305DG_008_cap1","TC305DG","rm",,,
"TC305DG_009_cap1","TC305DG","rm",,,
"TC305DG_010_cap1","TC305DG","rm",,,
"TC305DG_011_cap1","TC305DG","rm",,,
"TC305DG_012_cap1","TC305DG","rm",,,
"TC305DG_013_cap1","TC305DG","rm",,,
"TC305DG_014_cap1","TC305DG","rm",,,
"TC305DG_015_cap1","TC305DG","rm",,,
"TC305DG_016_cap1","TC305DG","rm",,,
"TC305DG_017_cap1","TC305DG","rm",,,
"TC305DG_018_cap1","TC305DG","rm",,,
"TC305DG_019_cap1","TC305DG","rm",,,
"TC305DG_020_cap1","TC305DG","rm",,,
"TC305DG_021_cap1","TC305DG","rm",,,
"TC305DG_022_cap1","TC305DG","rm",,,
"TC305DG_023_cap1","TC305DG","rm",,,
"TC305DG_024_cap1","TC305DG","rm",,,
"TC305DG_025_cap1","TC305DG","rm",,,
"TC305DG_026_cap1","TC305DG","rm",,,
"TC305DG_027_cap1","TC305DG","rm",,,
"TC305DG_028_cap1","TC305DG","rm",,,
"TC305DG_029_cap1","TC305DG","rm",,,
"TC305DG_030_cap1","TC305DG","rm",,,
"TC305DG_031_cap1","TC305DG","rm",,,
"TC305DG_032_cap1","TC305DG","ag",,,
"TC305DG_033_cap1","TC305DG","ag",,,
"TC305DG_034_cap1","TC305DG","ag",,,
"TC305DG_035_cap1","TC305DG","ag",,,
"TC305DG_036_cap1","TC305DG","ag",,,
"TC305DG_037_cap1","TC305DG","ag",,,
"TC305DG_038_cap1","TC305DG","ag",,,
"TC305DG_039_cap1","TC305DG","ag",,,
"TC306DG_040_cap1","TC306DG","rm",,,
"TC306DG_041_cap1","TC306DG","rm",,,
"TC306DG_042_cap1","TC306DG","rm",,,
"TC306DG_043_cap1","TC306DG","rm",,,
"TC306DG_044_cap1","TC306DG","rm",,,
"TC306DG_045_cap1","TC306DG","rm",,,
"TC306DG_046_cap1","TC306DG","rm",,,
"TC306DG_047_cap1","TC306DG","rm",,,
"TC306DG_048_cap1","TC306DG","rm",,,
"TC306DG_049_cap1","TC306DG","rm",,,
"TC306DG_050_cap1","TC306DG","rm",,,
"TC306DG_051_cap1","TC306DG","rm",,,
"TC306DG_052_cap1","TC306DG","rm",,,
"TC306DG_053_cap1","TC306DG","rm",,,
"TC306DG_054_cap1","TC306DG","rm",,,
"TC306DG_055_cap1","TC306DG","rm",,,
"TC306DG_056_cap1","TC306DG","rm",,,
"TC306DG_057_cap1","TC306DG","rm",,,
"TC306DG_058_cap1","TC306DG","rm",,,
"TC306DG_059_cap1","TC306DG","rm",,,
"TC306DG_060_cap1","TC306DG","rm",,,
"TC306DG_061_cap1","TC306DG","rm",,,
"TC306DG_062_cap1","TC306DG","rm",,,
"TC306DG_063_cap1","TC306DG","rm",,,
"TC306DG_064_cap1","TC306DG","rm",,,
"TC306DG_065_cap1","TC306DG","rm",,,
"TC306DG_066_cap1","TC306DG","rm",,,
"TC306DG_067_cap1","TC306DG","rm",,,
"TC306DG_068_cap1","TC306DG","ag",,,
"TC306DG_069_cap1","TC306DG","ag",,,
"TC306DG_070_cap1","TC306DG","ag",,,
"TC306DG_071_cap1","TC306DG","ag",,,
"TC308DG_072_cap1","TC308DG","rm",,,
"TC308DG_073_cap1","TC308DG","rm",,,
"TC308DG_074_cap1","TC308DG","rm",,,
"TC308DG_075_cap1","TC308DG","rm",,,
"TC308DG_076_cap1","TC308DG","rm",,,
"TC308DG_077_cap1","TC308DG","rm",,,
"TC308DG_078_cap1","TC308DG","rm",,,
"TC308DG_079_cap1","TC308DG","rm",,,
"TC308DG_080_cap1","TC308DG","rm",,,
"TC308DG_081_cap1","TC308DG","rm",,,
"TC308DG_082_cap1","TC308DG","rm",,,
"TC308DG_083_cap1","TC308DG","rm",,,
"TC308DG_084_cap1","TC308DG","rm",,,
"TC308DG_085_cap1","TC308DG","rm",,,
"TC308DG_086_cap1","TC308DG","rm",,,
"TC308DG_087_cap1","TC308DG","rm",,,
"TC308DG_088_cap1","TC308DG","rm",,,
"TC308DG_089_cap1","TC308DG","rm",,,
"TC308DG_090_cap1","TC308DG","rm",,,
"TC308DG_091_cap1","TC308DG","rm",,,
"TC308DG_092_cap1","TC308DG","rm",,,
"TC308DG_093_cap1","TC308DG","rm",,,
"TC308DG_094_cap1","TC308DG","rm",,,
"TC308DG_095_cap1","TC308DG","rm",,,
"TC308DG_096_cap1","TC308DG","rm",,,
"TC308DG_097_cap1","TC308DG","rm",,,
"TC308DG_098_cap1","TC308DG","rm",,,
"TC308DG_099_cap1","TC308DG","rm",,,
"TC308DG_100_cap1","TC308DG","rm",,,
"TC308DG_101_cap1","TC308DG","rm",,,
"TC308DG_102_cap1","TC308DG","rm",,,
"TC308DG_103_cap1","TC308DG","rm",,,
"TC308DG_104_cap1","TC308DG","rm",,,
"TC308DG_105_cap1","TC308DG","rm",,,
"TC308DG_106_cap1","TC308DG","rm",,,
"TC308DG_107_cap1","TC308DG","rm",,,
"TC308DG_108_cap1","TC308DG","rm",,,
"TC308DG_109_cap1","TC308DG","rm",,,
"TC308DG_110_cap1","TC308DG","rm",,,
"TC308DG_111_cap1","TC308DG","rm",,,
"TC308DG_112_cap1","TC308DG","rm",,,
"TC308DG_113_cap1","TC308DG","rm",,,
"TC308DG_114_cap1","TC308DG","rm",,,
"TC308DG_115_cap1","TC308DG","ag",,,
"TC308DG_116_cap1","TC308DG","ag",,,
"TC308DG_117_cap1","TC308DG","ag",,,
"TC308DG_118_cap1","TC308DG","ag",,,
"TC308DG_119_cap1","TC308DG","ag",,,
"TC308DG_120_cap1","TC308DG","ag",,,
"TC308DG_121_cap1","TC308DG","ag",,,
"TC308DG_122_cap1","TC308DG","ag",,,
"TC308DG_123_cap1","TC308DG","LG",,,
"TC308DG_124_cap1","TC308DG","LG",,,
"TC309DG_125_cap1","TC309DG","rm",,,
"TC309DG_126_cap1","TC309DG","rm",,,
"TC309DG_127_cap1","TC309DG","rm",,,
"TC309DG_128_cap1","TC309DG","rm",,,
"TC309DG_129_cap1","TC309DG","rm",,,
"TC309DG_130_cap1","TC309DG","rm",,,
"TC309DG_131_cap1","TC309DG","rm",,,
"TC309DG_132_cap1","TC309DG","rm",,,
"TC309DG_133_cap1","TC309DG","rm",,,
"TC309DG_134_cap1","TC309DG","rm",,,
"TC309DG_135_cap1","TC309DG","rm",,,
"TC309DG_136_cap1","TC309DG","rm",,,
"TC309DG_137_cap1","TC309DG","rm",,,
"TC309DG_138_cap1","TC309DG","rm",,,
"TC309DG_139_cap1","TC309DG","rm",,,
"TC309DG_140_cap1","TC309DG","rm",,,
"TC309DG_141_cap1","TC309DG","rm",,,
"TC309DG_142_cap1","TC309DG","rm",,,
"TC309DG_143_cap1","TC309DG","rm",,,
"TC309DG_144_cap1","TC309DG","rm",,,
"TC309DG_145_cap1","TC309DG","rm",,,
"TC309DG_146_cap1","TC309DG","rm",,,
"TC309DG_147_cap1","TC309DG","rm",,,
"TC309DG_148_cap1","TC309DG","rm",,,
"TC309DG_149_cap1","TC309DG","rm",,,
"TC309DG_150_cap1","TC309DG","rm",,,
"TC309DG_151_cap1","TC309DG","rm",,,
"TC309DG_152_cap1","TC309DG","rm",,,
"TC309DG_153_cap1","TC309DG","rm",,,
"TC309DG_154_cap1","TC309DG","rm",,,
"TC309DG_155_cap1","TC309DG","rm",,,
"TC309DG_156_cap1","TC309DG","ag",,,
"TC309DG_157_cap1","TC309DG","ag",,,
"TC309DG_158_cap1","TC309DG","ag",,,
"TC309DG_159_cap1","TC309DG","ag",,,
"TC309DG_160_cap1","TC309DG","ag",,,
"TC310DG_161_cap1","TC310DG","rm",,,
"TC310DG_162_cap1","TC310DG","rm",,,
"TC310DG_163_cap1","TC310DG","rm",,,
"TC310DG_164_cap1","TC310DG","rm",,,
"TC310DG_165_cap1","TC310DG","rm",,,
"TC310DG_166_cap1","TC310DG","rm",,,
"TC310DG_167_cap1","TC310DG","rm",,,
"TC310DG_168_cap1","TC310DG","rm",,,
"TC310DG_169_cap1","TC310DG","rm",,,
"TC310DG_170_cap1","TC310DG","rm",,,
"TC310DG_171_cap1","TC310DG","rm",,,
"TC310DG_172_cap1","TC310DG","rm",,,
"TC310DG_173_cap1","TC310DG","rm",,,
"TC310DG_174_cap1","TC310DG","rm",,,
"TC310DG_175_cap1","TC310DG","rm",,,
"TC310DG_176_cap1","TC310DG","rm",,,
"TC310DG_177_cap1","TC310DG","ag",,,
"TC310DG_178_cap1","TC310DG","ag",,,
"TC310DG_179_cap1","TC310DG","ag",,,
"TC310DG_180_cap1","TC310DG","ag",,,
"TC310DG_181_cap1","TC310DG","ag",,,
"TC310DG_182_cap1","TC310DG","ag",,,
"TC310DG_183_cap1","TC310DG","ag",,,
"TC310DG_184_cap1","TC310DG","ag",,,
"TC310DG_185_cap1","TC310DG","ag",,,
"TC310DG_186_cap1","TC310DG","ag",,,
"TC310DG_187_cap1","TC310DG","ag",,,
"TC310DG_188_cap1","TC310DG","ag",,,
"TC310DG_189_cap1","TC310DG","ag",,,
"TC310DG_190_cap1","TC310DG","ag",,,
"TC310DG_191_cap1","TC310DG","ag",,,
"TC310DG_192_cap1","TC310DG","ag",,,
"TC310DG_193_cap1","TC310DG","ag",,,
"TC310DG_194_cap1","TC310DG","ag",,,
"TC310DG_195_cap1","TC310DG","ag",,,
"TC310DG_196_cap1","TC310DG","ag",,,
"TC310DG_197_cap1","TC310DG","ag",,,
"TC310DG_198_cap1","TC310DG","ag",,,
"TC310DG_199_cap1","TC310DG","ag",,,
"TC310DG_200_cap1","TC310DG","ag",,,
"TC310DG_201_cap1","TC310DG","ag",,,
"TC310DG_202_cap1","TC310DG","ag",,,
"TC310DG_203_cap1","TC310DG","ag",,,
"TC310DG_204_cap1","TC310DG","ag",,,
"TC310DG_205_cap1","TC310DG","ag",,,
"TC310DG_206_cap1","TC310DG","ag",,,
"TC310DG_207_cap1","TC310DG","LG",,,
"TC310DG_208_cap1","TC310DG","LG",,,
"TC310DG_209_cap1","TC310DG","LG",,,
"TC310DG_210_cap1","TC310DG","LG",,,
"TC310DG_211_cap1","TC310DG","LG",,,
"TC310DG_212_cap1","TC310DG","LG",,,
"TC310DG_213_cap1","TC310DG","LG",,,
"TC312DG_214_cap1","TC312DG","rm",,,
"TC312DG_215_cap1","TC312DG","rm",,,
"TC312DG_216_cap1","TC312DG","rm",,,
"TC312DG_217_cap1","TC312DG","rm",,,
"TC312DG_218_cap1","TC312DG","rm",,,
"TC312DG_219_cap1","TC312DG","rm",,,
"TC312DG_220_cap1","TC312DG","rm",,,
"TC312DG_221_cap1","TC312DG","rm",,,
"TC312DG_222_cap1","TC312DG","rm",,,
"TC312DG_223_cap1","TC312DG","rm",,,
"TC312DG_224_cap1","TC312DG","rm",,,
"TC312DG_225_cap1","TC312DG","rm",,,
"TC312DG_226_cap1","TC312DG","rm",,,
"TC312DG_227_cap1","TC312DG","rm",,,
"TC312DG_228_cap1","TC312DG","rm",,,
"TC312DG_229_cap1","TC312DG","rm",,,
"TC312DG_230_cap1","TC312DG","rm",,,
"TC312DG_231_cap1","TC312DG","rm",,,
"TC312DG_232_cap1","TC312DG","rm",,,
"TC312DG_233_cap1","TC312DG","rm",,,
"TC312DG_234_cap1","TC312DG","rm",,,
"TC312DG_235_cap1","TC312DG","rm",,,
"TC312DG_236_cap1","TC312DG","rm",,,
"TC312DG_237_cap1","TC312DG","rm",,,
"TC312DG_238_cap1","TC312DG","rm",,,
"TC312DG_239_cap1","TC312DG","rm",,,
"TC312DG_240_cap1","TC312DG","rm",,,
"TC312DG_241_cap1","TC312DG","rm",,,
"TC312DG_242_cap1","TC312DG","rm",,,
"TC312DG_243_cap1","TC312DG","rm",,,
"TC312DG_244_cap1","TC312DG","rm",,,
"TC312DG_245_cap1","TC312DG","rm",,,
"TC312DG_246_cap1","TC312DG","rm",,,
"TC312DG_247_cap1","TC312DG","rm",,,
"TC312DG_248_cap1","TC312DG","rm",,,
"TC312DG_249_cap1","TC312DG","rm",,,
"TC312DG_250_cap1","TC312DG","rm",,,
"TC312DG_251_cap1","TC312DG","rm",,,
"TC312DG_252_cap1","TC312DG","rm",,,
"TC312DG_253_cap1","TC312DG","rm",,,
"TC312DG_254_cap1","TC312DG","rm",,,
"TC312DG_255_cap1","TC312DG","rm",,,
"TC312DG_256_cap1","TC312DG","rm",,,
"TC312DG_257_cap1","TC312DG","rm",,,
"TC312DG_258_cap1","TC312DG","rm",,,
"TC312DG_259_cap1","TC312DG","rm",,,
"TC312DG_260_cap1","TC312DG","rm",,,
"TC312DG_261_cap1","TC312DG","ag",,,
"TC312DG_262_cap1","TC312DG","ag",,,
"TC312DG_263_cap1","TC312DG","ag",,,
"TC313DG_264_cap1","TC313DG","rm",,,
"TC313DG_265_cap1","TC313DG","rm",,,
"TC313DG_266_cap1","TC313DG","rm",,,
"TC313DG_267_cap1","TC313DG","rm",,,
"TC313DG_268_cap1","TC313DG","rm",,,
"TC313DG_269_cap1","TC313DG","rm",,,
"TC313DG_270_cap1","TC313DG","rm",,,
"TC313DG_271_cap1","TC313DG","rm",,,
"TC313DG_272_cap1","TC313DG","rm",,,
"TC313DG_273_cap1","TC313DG","rm",,,
"TC313DG_274_cap1","TC313DG","rm",,,
"TC313DG_275_cap1","TC313DG","rm",,,
"TC313DG_276_cap1","TC313DG","rm",,,
"TC313DG_277_cap1","TC313DG","rm",,,
"TC313DG_278_cap1","TC313DG","rm",,,
"TC313DG_279_cap1","TC313DG","rm",,,
"TC313DG_280_cap1","TC313DG","rm",,,
"TC313DG_281_cap1","TC313DG","rm",,,
"TC313DG_282_cap1","TC313DG","rm",,,
"TC313DG_283_cap1","TC313DG","rm",,,
"TC313DG_284_cap1","TC313DG","rm",,,
"TC313DG_285_cap1","TC313DG","rm",,,
"TC313DG_286_cap1","TC313DG","rm",,,
"TC313DG_287_cap1","TC313DG","rm",,,
"TC313DG_288_cap1","TC313DG","rm",,,
"TC313DG_289_cap1","TC313DG","rm",,,
"TC313DG_290_cap1","TC313DG","rm",,,
"TC313DG_291_cap1","TC313DG","rm",,,
"TC313DG_292_cap1","TC313DG","rm",,,
"TC313DG_293_cap1","TC313DG","rm",,,
"TC313DG_294_cap1","TC313DG","rm",,,
"TC313DG_295_cap1","TC313DG","rm",,,
"TC313DG_296_cap1","TC313DG","rm",,,
"TC313DG_297_cap1","TC313DG","rm",,,
"TC313DG_298_cap1","TC313DG","rm",,,
"TC313DG_299_cap1","TC313DG","rm",,,
"TC313DG_300_cap1","TC313DG","rm",,,
"TC313DG_301_cap1","TC313DG","rm",,,
"TC313DG_302_cap1","TC313DG","ag",,,
"TC313DG_303_cap1","TC313DG","ag",,,
"TC313DG_304_cap1","TC313DG","ag",,,
"TC313DG_305_cap1","TC313DG","ag",,,
"TC313DG_306_cap1","TC313DG","ag",,,
"TC314DG_307_cap1","TC314DG","rm",,,
"TC314DG_308_cap1","TC314DG","rm",,,
"TC314DG_309_cap1","TC314DG","rm",,,
"TC314DG_310_cap1","TC314DG","rm",,,
"TC314DG_311_cap1","TC314DG","rm",,,
"TC314DG_312_cap1","TC314DG","rm",,,
"TC314DG_313_cap1","TC314DG","rm",,,
"TC314DG_314_cap1","TC314DG","rm",,,
"TC314DG_315_cap1","TC314DG","rm",,,
"TC314DG_316_cap1","TC314DG","rm",,,
"TC314DG_317_cap1","TC314DG","rm",,,
"TC314DG_318_cap1","TC314DG","rm",,,
"TC314DG_319_cap1","TC314DG","rm",,,
"TC314DG_320_cap1","TC314DG","rm",,,
"TC314DG_321_cap1","TC314DG","rm",,,
"TC314DG_322_cap1","TC314DG","rm",,,
"TC314DG_323_cap1","TC314DG","rm",,,
"TC314DG_324_cap1","TC314DG","rm",,,
"TC314DG_325_cap1","TC314DG","rm",,,
"TC314DG_326_cap1","TC314DG","rm",,,
"TC314DG_327_cap1","TC314DG","rm",,,
"TC314DG_328_cap1","TC314DG","rm",,,
"TC314DG_329_cap1","TC314DG","rm",,,
"TC314DG_330_cap1","TC314DG","rm",,,
"TC314DG_331_cap1","TC314DG","rm",,,
"TC314DG_332_cap1","TC314DG","rm",,,
"TC314DG_333_cap1","TC314DG","rm",,,
"TC314DG_334_cap1","TC314DG","rm",,,
"TC314DG_335_cap1","TC314DG","rm",,,
"TC314DG_336_cap1","TC314DG","rm",,,
"TC314DG_337_cap1","TC314DG","rm",,,
"TC314DG_338_cap1","TC314DG","ag",,,
"TC314DG_339_cap1","TC314DG","ag",,,
"TC314DG_340_cap1","TC314DG","ag",,,
"TC314DG_341_cap1","TC314DG","ag",,,
"TC314DG_342_cap1","TC314DG","ag",,,
"TC314DG_343_cap1","TC314DG","ag",,,
"TC314DG_344_cap1","TC314DG","ag",,,
"TC314DG_345_cap1","TC314DG","ag",,,
"TC314DG_346_cap1","TC314DG","ag",,,
"TC315DG_347_cap1","TC315DG","rm",,,
"TC315DG_348_cap1","TC315DG","rm",,,
"TC315DG_349_cap1","TC315DG","rm",,,
"TC315DG_350_cap1","TC315DG","rm",,,
"TC315DG_351_cap1","TC315DG","rm",,,
"TC315DG_352_cap1","TC315DG","rm",,,
"TC315DG_353_cap1","TC315DG","rm",,,
"TC315DG_354_cap1","TC315DG","rm",,,
"TC315DG_355_cap1","TC315DG","rm",,,
"TC315DG_356_cap1","TC315DG","rm",,,
"TC315DG_357_cap1","TC315DG","rm",,,
"TC315DG_358_cap1","TC315DG","rm",,,
"TC315DG_359_cap1","TC315DG","rm",,,
"TC315DG_360_cap1","TC315DG","rm",,,
"TC315DG_361_cap1","TC315DG","rm",,,
"TC315DG_362_cap1","TC315DG","rm",,,
"TC315DG_363_cap1","TC315DG","rm",,,
"TC315DG_364_cap1","TC315DG","rm",,,
"TC315DG_365_cap1","TC315DG","rm",,,
"TC315DG_366_cap1","TC315DG","rm",,,
"TC315DG_367_cap1","TC315DG","rm",,,
"TC315DG_368_cap1","TC315DG","rm",,,
"TC315DG_369_cap1","TC315DG","rm",,,
"TC315DG_370_cap1","TC315DG","rm",,,
"TC315DG_371_cap1","TC315DG","rm",,,
"TC315DG_372_cap1","TC315DG","rm",,,
"TC315DG_373_cap1","TC315DG","rm",,,
"TC315DG_374_cap1","TC315DG","rm",,,
"TC315DG_375_cap1","TC315DG","rm",,,
"TC315DG_376_cap1","TC315DG","rm",,,
"TC315DG_377_cap1","TC315DG","rm",,,
"TC315DG_378_cap1","TC315DG","rm",,,
"TC315DG_379_cap1","TC315DG","rm",,,
"TC315DG_380_cap1","TC315DG","rm",,,
"TC315DG_381_cap1","TC315DG","rm",,,
"TC315DG_382_cap1","TC315DG","rm",,,
"TC315DG_383_cap1","TC315DG","rm",,,
"TC315DG_384_cap1","TC315DG","rm",,,
"TC315DG_385_cap1","TC315DG","ag",,,
"TC315DG_386_cap1","TC315DG","ag",,,
"TC315DG_387_cap1","TC315DG","ag",,,
"TC315DG_388_cap1","TC315DG","ag",,,
"TC315DG_389_cap1","TC315DG","ag",,,
"TC315DG_390_cap1","TC315DG","ag",,,
"TC315DG_391_cap1","TC315DG","ag",,,
"TC315DG_392_cap1","TC315DG","ag",,,
"TC315DG_393_cap1","TC315DG","ag",,,
"TC315DG_394_cap1","TC315DG","ag",,,
"TC316DG_395_cap1","TC316DG","rm",,,
"TC316DG_396_cap1","TC316DG","rm",,,
"TC316DG_397_cap1","TC316DG","rm",,,
"TC316DG_398_cap1","TC316DG","rm",,,
"TC316DG_399_cap1","TC316DG","rm",,,
"TC316DG_400_cap1","TC316DG","rm",,,
"TC316DG_401_cap1","TC316DG","rm",,,
"TC316DG_402_cap1","TC316DG","rm",,,
"TC316DG_403_cap1","TC316DG","rm",,,
"TC316DG_404_cap1","TC316DG","rm",,,
"TC316DG_405_cap1","TC316DG","rm",,,
"TC316DG_406_cap1","TC316DG","rm",,,
"TC316DG_407_cap1","TC316DG","rm",,,
"TC316DG_408_cap1","TC316DG","rm",,,
"TC316DG_409_cap1","TC316DG","rm",,,
"TC316DG_410_cap1","TC316DG","rm",,,
"TC316DG_411_cap1","TC316DG","rm",,,
"TC316DG_412_cap1","TC316DG","rm",,,
"TC316DG_413_cap1","TC316DG","rm",,,
"TC316DG_414_cap1","TC316DG","rm",,,
"TC316DG_415_cap1","TC316DG","rm",,,
"TC316DG_416_cap1","TC316DG","rm",,,
"TC316DG_417_cap1","TC316DG","rm",,,
"TC316DG_418_cap1","TC316DG","rm",,,
"TC316DG_419_cap1","TC316DG","rm",,,
"TC316DG_420_cap1","TC316DG","rm",,,
"TC316DG_421_cap1","TC316DG","rm",,,
"TC316DG_422_cap1","TC316DG","rm",,,
"TC316DG_423_cap1","TC316DG","rm",,,
"TC316DG_424_cap1","TC316DG","rm",,,
"TC316DG_425_cap1","TC316DG","rm",,,
"TC316DG_426_cap1","TC316DG","rm",,,
"TC316DG_427_cap1","TC316DG","rm",,,
"TC316DG_428_cap1","TC316DG","rm",,,
"TC316DG_429_cap1","TC316DG","rm",,,
"TC316DG_430_cap1","TC316DG","rm",,,
"TC316DG_431_cap1","TC316DG","rm",,,
"TC316DG_432_cap1","TC316DG","rm",,,
"TC316DG_433_cap1","TC316DG","rm",,,
"TC316DG_434_cap1","TC316DG","rm",,,
"TC316DG_435_cap1","TC316DG","rm",,,
"TC316DG_436_cap1","TC316DG","rm",,,
"TC316DG_437_cap1","TC316DG","rm",,,
"TC316DG_438_cap1","TC316DG","rm",,,
"TC316DG_439_cap1","TC316DG","rm",,,
"TC316DG_440_cap1","TC316DG","rm",,,
"TC316DG_441_cap1","TC316DG","rm",,,
"TC316DG_442_cap1","TC316DG","rm",,,
"TC316DG_443_cap1","TC316DG","rm",,,
"TC316DG_444_cap1","TC316DG","rm",,,
"TC316DG_445_cap1","TC316DG","rm",,,
"TC316DG_446_cap1","TC316DG","rm",,,
"TC316DG_447_cap1","TC316DG","rm",,,
"TC316DG_448_cap1","TC316DG","rm",,,
"TC316DG_449_cap1","TC316DG","rm",,,
"TC316DG_450_cap1","TC316DG","rm",,,
"TC316DG_451_cap1","TC316DG","rm",,,
"TC316DG_452_cap1","TC316DG","ag",,,
"TC316DG_453_cap1","TC316DG","ag",,,
"TC316DG_454_cap1","TC316DG","ag",,,
"TC316DG_455_cap1","TC316DG","ag",,,
"TC316DG_456_cap1","TC316DG","ag",,,
"TC316DG_457_cap1","TC316DG","ag",,,
"TC316DG_458_cap1","TC316DG","ag",,,
"TC316DG_459_cap1","TC316DG","ag",,,
"TC316DG_460_cap1","TC316DG","ag",,,
"TC316DG_461_cap1","TC316DG","ag",,,
"TC316DG_462_cap1","TC316DG","ag",,,
"TC316DG_463_cap1","TC316DG","ag",,,
"TC316DG_464_cap1","TC316DG","ag",,,
"TC316DG_465_cap1","TC316DG","ag",,,
"TC316DG_466_cap1","TC316DG","LG",,,
"TC316DG_467_cap1","TC316DG","LG",,,
"TC316DG_468_cap1","TC316DG","LG",,,
"TC316DG_469_cap1","TC316DG","LG",,,
"TC316DG_470_cap1","TC316DG","LG",,,
"TC316DG_471_cap1","TC316DG","LG",,,
"TC316DG_472_cap1","TC316DG","LG",,,
"TC316DG_473_cap1","TC316DG","LG",,,
"TC316DG_474_cap1","TC316DG","LG",,,
"TC316DG_475_cap1","TC316DG","LG",,,
"TC316DG_476_cap1","TC316DG","LG",,,
"TC317DG_477_cap1","TC317DG","rm",,,
"TC317DG_478_cap1","TC317DG","rm",,,
"TC317DG_479_cap1","TC317DG","rm",,,
"TC317DG_480_cap1","TC317DG","rm",,,
"TC317DG_481_cap1","TC317DG","rm",,,
"TC317DG_482_cap1","TC317DG","rm",,,
"TC317DG_483_cap1","TC317DG","rm",,,
"TC317DG_484_cap1","TC317DG","rm",,,
"TC317DG_485_cap1","TC317DG","rm",,,
"TC317DG_486_cap1","TC317DG","rm",,,
"TC317DG_487_cap1","TC317DG","rm",,,
"TC317DG_488_cap1","TC317DG","rm",,,
"TC317DG_489_cap1","TC317DG","rm",,,
"TC317DG_490_cap1","TC317DG","rm",,,
"TC317DG_491_cap1","TC317DG","rm",,,
"TC317DG_492_cap1","TC317DG","rm",,,
"TC317DG_493_cap1","TC317DG","rm",,,
"TC317DG_494_cap1","TC317DG","rm",,,
"TC317DG_495_cap1","TC317DG","rm",,,
"TC317DG_496_cap1","TC317DG","rm",,,
"TC317DG_497_cap1","TC317DG","rm",,,
"TC317DG_498_cap1","TC317DG","rm",,,
"TC317DG_499_cap1","TC317DG","rm",,,
"TC317DG_500_cap1","TC317DG","rm",,,
"TC317DG_501_cap1","TC317DG","rm",,,
"TC317DG_502_cap1","TC317DG","rm",,,
"TC317DG_503_cap1","TC317DG","rm",,,
"TC317DG_504_cap1","TC317DG","rm",,,
"TC317DG_505_cap1","TC317DG","rm",,,
"TC317DG_506_cap1","TC317DG","rm",,,
"TC317DG_507_cap1","TC317DG","rm",,,
"TC317DG_508_cap1","TC317DG","rm",,,
"TC317DG_509_cap1","TC317DG","rm",,,
"TC317DG_510_cap1","TC317DG","rm",,,
"TC317DG_511_cap1","TC317DG","rm",,,
"TC317DG_512_cap1","TC317DG","rm",,,
"TC317DG_513_cap1","TC317DG","rm",,,
"TC317DG_514_cap1","TC317DG","ag",,,
"TC317DG_515_cap1","TC317DG","ag",,,
"TC317DG_516_cap1","TC317DG","ag",,,
"TC317DG_517_cap1","TC317DG","ag",,,
"TC317DG_518_cap1","TC317DG","ag",,,
"TC317DG_519_cap1","TC317DG","ag",,,
"TC317DG_520_cap1","TC317DG","ag",,,
"TC317DG_521_cap1","TC317DG","ag",,,
"TC317DG_522_cap1","TC317DG","ag",,,
"TC317DG_523_cap1","TC317DG","ag",,,
"TC317DG_524_cap1","TC317DG","ag",,,
"TC317DG_525_cap1","TC317DG","ag",,,
"TC317DG_526_cap1","TC317DG","ag",,,
"TC317DG_527_cap1","TC317DG","ag",,,
"TC317DG_528_cap1","TC317DG","ag",,,
"TC318DG_529_cap1","TC318DG","rm",,,
"TC318DG_530_cap1","TC318DG","rm",,,
"TC318DG_531_cap1","TC318DG","rm",,,
"TC318DG_532_cap1","TC318DG","rm",,,
"TC318DG_533_cap1","TC318DG","rm",,,
"TC318DG_534_cap1","TC318DG","rm",,,
"TC318DG_535_cap1","TC318DG","rm",,,
"TC318DG_536_cap1","TC318DG","rm",,,
"TC318DG_537_cap1","TC318DG","rm",,,
"TC318DG_538_cap1","TC318DG","rm",,,
"TC318DG_539_cap1","TC318DG","rm",,,
"TC318DG_540_cap1","TC318DG","rm",,,
"TC318DG_541_cap1","TC318DG","rm",,,
"TC318DG_542_cap1","TC318DG","rm",,,
"TC318DG_543_cap1","TC318DG","rm",,,
"TC318DG_544_cap1","TC318DG","rm",,,
"TC318DG_545_cap1","TC318DG","rm",,,
"TC318DG_546_cap1","TC318DG","rm",,,
"TC318DG_547_cap1","TC318DG","rm",,,
"TC318DG_548_cap1","TC318DG","rm",,,
"TC318DG_549_cap1","TC318DG","rm",,,
"TC318DG_550_cap1","TC318DG","rm",,,
"TC318DG_551_cap1","TC318DG","rm",,,
"TC318DG_552_cap1","TC318DG","ag",,,
"TC318DG_553_cap1","TC318DG","ag",,,
"TC318DG_554_cap1","TC318DG","ag",,,
"TC318DG_555_cap1","TC318DG","ag",,,
"TC318DG_556_cap1","TC318DG","ag",,,
"TC318DG_557_cap1","TC318DG","ag",,,
"TC318DG_558_cap1","TC318DG","ag",,,
"TC318DG_559_cap1","TC318DG","ag",,,
"TC318DG_560_cap1","TC318DG","ag",,,
"TC318DG_561_cap1","TC318DG","ag",,,
"TC318DG_562_cap1","TC318DG","ag",,,
"TC318DG_563_cap1","TC318DG","ag",,,
"TC318DG_564_cap1","TC318DG","ag",,,
"TC318DG_565_cap1","TC318DG","ag",,,
"TC318DG_566_cap1","TC318DG","ag",,,
"TC318DG_567_cap1","TC318DG","ag",,,
"TC318DG_568_cap1","TC318DG","ag",,,
"TC318DG_569_cap1","TC318DG","ag",,,
"TC318DG_570_cap1","TC318DG","ag",,,
"TC318DG_571_cap1","TC318DG","ag",,,
"TC318DG_572_cap1","TC318DG","ag",,,
"TC318DG_573_cap1","TC318DG","ag",,,
"TC318DG_574_cap1","TC318DG","ag",,,
"TC318DG_575_cap1","TC318DG","ag",,,
"TC318DG_576_cap1","TC318DG","ag",,,
"TC318DG_577_cap1","TC318DG","ag",,,
"TC318DG_578_cap1","TC318DG","ag",,,
"TC318DG_579_cap1","TC318DG","ag",,,
"TC318DG_580_cap1","TC318DG","ag",,,
"TC318DG_581_cap1","TC318DG","ag",,,
"TC318DG_582_cap1","TC318DG","ag",,,
"TC318DG_583_cap1","TC318DG","ag",,,
"TC318DG_584_cap1","TC318DG","ag",,,
"TC318DG_585_cap1","TC318DG","ag",,,
"TC318DG_586_cap1","TC318DG","ag",,,
"TC318DG_587_cap1","TC318DG","ag",,,
"TC318DG_588_cap1","TC318DG","ag",,,
"TC318DG_589_cap1","TC318DG","ag",,,
"TC318DG_590_cap1","TC318DG","ag",,,
"TC318DG_591_cap1","TC318DG","ag",,,
"TC318DG_592_cap1","TC318DG","ag",,,
"TC318DG_593_cap1","TC318DG","ag",,,
"TC318DG_594_cap1","TC318DG","ag",,,
"TC318DG_595_cap1","TC318DG","ag",,,
"TC319DG_596_cap1","TC319DG","rm",,,
"TC319DG_597_cap1","TC319DG","rm",,,
"TC319DG_598_cap1","TC319DG","rm",,,
"TC319DG_599_cap1","TC319DG","rm",,,
"TC319DG_600_cap1","TC319DG","rm",,,
"TC319DG_601_cap1","TC319DG","rm",,,
"TC319DG_602_cap1","TC319DG","rm",,,
"TC319DG_603_cap1","TC319DG","rm",,,
"TC319DG_604_cap1","TC319DG","rm",,,
"TC319DG_605_cap1","TC319DG","rm",,,
"TC319DG_606_cap1","TC319DG","rm",,,
"TC319DG_607_cap1","TC319DG","rm",,,
"TC319DG_608_cap1","TC319DG","rm",,,
"TC319DG_609_cap1","TC319DG","rm",,,
"TC319DG_610_cap1","TC319DG","rm",,,
"TC319DG_611_cap1","TC319DG","rm",,,
"TC319DG_612_cap1","TC319DG","rm",,,
"TC319DG_613_cap1","TC319DG","rm",,,
"TC319DG_614_cap1","TC319DG","rm",,,
"TC319DG_615_cap1","TC319DG","rm",,,
"TC319DG_616_cap1","TC319DG","rm",,,
"TC319DG_617_cap1","TC319DG","rm",,,
"TC319DG_618_cap1","TC319DG","rm",,,
"TC319DG_619_cap1","TC319DG","rm",,,
"TC319DG_620_cap1","TC319DG","rm",,,
"TC319DG_621_cap1","TC319DG","rm",,,
"TC319DG_622_cap1","TC319DG","rm",,,
"TC319DG_623_cap1","TC319DG","rm",,,
"TC319DG_624_cap1","TC319DG","rm",,,
"TC319DG_625_cap1","TC319DG","rm",,,
"TC319DG_626_cap1","TC319DG","rm",,,
"TC319DG_627_cap1","TC319DG","rm",,,
"TC319DG_628_cap1","TC319DG","rm",,,
"TC319DG_629_cap1","TC319DG","rm",,,
"TC319DG_630_cap1","TC319DG","rm",,,
"TC319DG_631_cap1","TC319DG","rm",,,
"TC319DG_632_cap1","TC319DG","rm",,,
"TC319DG_633_cap1","TC319DG","rm",,,
"TC319DG_634_cap1","TC319DG","rm",,,
"TC319DG_635_cap1","TC319DG","rm",,,
"TC319DG_636_cap1","TC319DG","rm",,,
"TC319DG_637_cap1","TC319DG","rm",,,
"TC319DG_638_cap1","TC319DG","rm",,,
"TC319DG_639_cap1","TC319DG","rm",,,
"TC319DG_640_cap1","TC319DG","rm",,,
"TC319DG_641_cap1","TC319DG","rm",,,
"TC319DG_642_cap1","TC319DG","rm",,,
"TC319DG_643_cap1","TC319DG","rm",,,
"TC319DG_644_cap1","TC319DG","rm",,,
"TC319DG_645_cap1","TC319DG","rm",,,
"TC319DG_646_cap1","TC319DG","rm",,,
"TC319DG_647_cap1","TC319DG","rm",,,
"TC319DG_648_cap1","TC319DG","rm",,,
"TC319DG_649_cap1","TC319DG","rm",,,
"TC319DG_650_cap1","TC319DG","rm",,,
"TC319DG_651_cap1","TC319DG","rm",,,
"TC319DG_652_cap1","TC319DG","rm",,,
"TC319DG_653_cap1","TC319DG","rm",,,
"TC319DG_654_cap1","TC319DG","rm",,,
"TC319DG_655_cap1","TC319DG","rm",,,
"TC319DG_656_cap1","TC319DG","rm",,,
"TC319DG_657_cap1","TC319DG","rm",,,
"TC319DG_658_cap1","TC319DG","ag",,,
"TC319DG_659_cap1","TC319DG","ag",,,
"TC319DG_660_cap1","TC319DG","ag",,,
"TC319DG_661_cap1","TC319DG","ag",,,
"TC320DG_662_cap1","TC320DG","rm",,,
"TC320DG_663_cap1","TC320DG","rm",,,
"TC320DG_664_cap1","TC320DG","rm",,,
"TC320DG_665_cap1","TC320DG","rm",,,
"TC320DG_666_cap1","TC320DG","rm",,,
"TC320DG_667_cap1","TC320DG","rm",,,
"TC320DG_668_cap1","TC320DG","rm",,,
"TC320DG_669_cap1","TC320DG","rm",,,
"TC320DG_670_cap1","TC320DG","rm",,,
"TC320DG_671_cap1","TC320DG","rm",,,
"TC320DG_672_cap1","TC320DG","rm",,,
"TC320DG_673_cap1","TC320DG","rm",,,
"TC320DG_674_cap1","TC320DG","rm",,,
"TC320DG_675_cap1","TC320DG","rm",,,
"TC320DG_676_cap1","TC320DG","rm",,,
"TC320DG_677_cap1","TC320DG","rm",,,
"TC320DG_678_cap1","TC320DG","rm",,,
"TC320DG_679_cap1","TC320DG","rm",,,
"TC320DG_680_cap1","TC320DG","rm",,,
"TC320DG_681_cap1","TC320DG","rm",,,
"TC320DG_682_cap1","TC320DG","rm",,,
"TC320DG_683_cap1","TC320DG","rm",,,
"TC320DG_684_cap1","TC320DG","rm",,,
"TC320DG_685_cap1","TC320DG","rm",,,
"TC320DG_686_cap1","TC320DG","rm",,,
"TC320DG_687_cap1","TC320DG","rm",,,
"TC320DG_688_cap1","TC320DG","rm",,,
"TC320DG_689_cap1","TC320DG","rm",,,
"TC320DG_690_cap1","TC320DG","rm",,,
"TC320DG_691_cap1","TC320DG","rm",,,
"TC320DG_692_cap1","TC320DG","rm",,,
"TC320DG_693_cap1","TC320DG","rm",,,
"TC320DG_694_cap1","TC320DG","rm",,,
"TC320DG_695_cap1","TC320DG","rm",,,
"TC320DG_696_cap1","TC320DG","rm",,,
"TC320DG_697_cap1","TC320DG","rm",,,
"TC320DG_698_cap1","TC320DG","rm",,,
"TC320DG_699_cap1","TC320DG","rm",,,
"TC320DG_700_cap1","TC320DG","rm",,,
"TC320DG_701_cap1","TC320DG","ag",,,
"TC320DG_702_cap1","TC320DG","ag",,,
"TC320DG_703_cap1","TC320DG","ag",,,
"TC320DG_704_cap1","TC320DG","ag",,,
"TC320DG_705_cap1","TC320DG","ag",,,
"TC320DG_706_cap1","TC320DG","ag",,,
"TC320DG_707_cap1","TC320DG","ag",,,
"TC320DG_708_cap1","TC320DG","ag",,,
"TC321DG_709_cap1","TC321DG","rm",,,
"TC321DG_710_cap1","TC321DG","rm",,,
"TC321DG_711_cap1","TC321DG","rm",,,
"TC321DG_712_cap1","TC321DG","rm",,,
"TC321DG_713_cap1","TC321DG","rm",,,
"TC321DG_714_cap1","TC321DG","rm",,,
"TC321DG_715_cap1","TC321DG","rm",,,
"TC321DG_716_cap1","TC321DG","rm",,,
"TC321DG_717_cap1","TC321DG","rm",,,
"TC321DG_718_cap1","TC321DG","rm",,,
"TC321DG_719_cap1","TC321DG","rm",,,
"TC321DG_720_cap1","TC321DG","rm",,,
"TC321DG_721_cap1","TC321DG","rm",,,
"TC321DG_722_cap1","TC321DG","rm",,,
"TC321DG_723_cap1","TC321DG","rm",,,
"TC321DG_724_cap1","TC321DG","rm",,,
"TC321DG_725_cap1","TC321DG","rm",,,
"TC321DG_726_cap1","TC321DG","rm",,,
"TC321DG_727_cap1","TC321DG","rm",,,
"TC321DG_728_cap1","TC321DG","rm",,,
"TC321DG_729_cap1","TC321DG","rm",,,
"TC321DG_730_cap1","TC321DG","rm",,,
"TC321DG_731_cap1","TC321DG","rm",,,
"TC321DG_732_cap1","TC321DG","rm",,,
"TC321DG_733_cap1","TC321DG","rm",,,
"TC321DG_734_cap1","TC321DG","rm",,,
"TC321DG_735_cap1","TC321DG","rm",,,
"TC321DG_736_cap1","TC321DG","rm",,,
"TC321DG_737_cap1","TC321DG","rm",,,
"TC321DG_738_cap1","TC321DG","rm",,,
"TC321DG_739_cap1","TC321DG","rm",,,
"TC321DG_740_cap1","TC321DG","rm",,,
"TC321DG_741_cap1","TC321DG","rm",,,
"TC321DG_742_cap1","TC321DG","rm",,,
"TC321DG_743_cap1","TC321DG","rm",,,
"TC321DG_744_cap1","TC321DG","rm",,,
"TC321DG_745_cap1","TC321DG","rm",,,
"TC321DG_746_cap1","TC321DG","rm",,,
"TC321DG_747_cap1","TC321DG","rm",,,
"TC321DG_748_cap1","TC321DG","rm",,,
"TC321DG_749_cap1","TC321DG","rm",,,
"TC321DG_750_cap1","TC321DG","rm",,,
"TC321DG_751_cap1","TC321DG","rm",,,
"TC321DG_752_cap1","TC321DG","rm",,,
"TC321DG_753_cap1","TC321DG","rm",,,
"TC321DG_754_cap1","TC321DG","rm",,,
"TC321DG_755_cap1","TC321DG","rm",,,
"TC321DG_756_cap1","TC321DG","ag",,,
"TC322DG_757_cap1","TC322DG","rm",,,
"TC322DG_758_cap1","TC322DG","rm",,,
"TC322DG_759_cap1","TC322DG","rm",,,
"TC322DG_760_cap1","TC322DG","rm",,,
"TC322DG_761_cap1","TC322DG","rm",,,
"TC322DG_762_cap1","TC322DG","rm",,,
"TC322DG_763_cap1","TC322DG","rm",,,
"TC322DG_764_cap1","TC322DG","rm",,,
"TC322DG_765_cap1","TC322DG","rm",,,
"TC322DG_766_cap1","TC322DG","rm",,,
"TC322DG_767_cap1","TC322DG","rm",,,
"TC322DG_768_cap1","TC322DG","rm",,,
"TC322DG_769_cap1","TC322DG","rm",,,
"TC322DG_770_cap1","TC322DG","rm",,,
"TC322DG_771_cap1","TC322DG","rm",,,
"TC322DG_772_cap1","TC322DG","rm",,,
"TC322DG_773_cap1","TC322DG","rm",,,
"TC322DG_774_cap1","TC322DG","rm",,,
"TC322DG_775_cap1","TC322DG","rm",,,
"TC322DG_776_cap1","TC322DG","rm",,,
"TC322DG_777_cap1","TC322DG","rm",,,
"TC322DG_778_cap1","TC322DG","rm",,,
"TC322DG_779_cap1","TC322DG","rm",,,
"TC322DG_780_cap1","TC322DG","rm",,,
"TC322DG_781_cap1","TC322DG","rm",,,
"TC322DG_782_cap1","TC322DG","rm",,,
"TC322DG_783_cap1","TC322DG","rm",,,
"TC322DG_784_cap1","TC322DG","rm",,,
"TC322DG_785_cap1","TC322DG","rm",,,
"TC322DG_786_cap1","TC322DG","rm",,,
"TC322DG_787_cap1","TC322DG","rm",,,
"TC322DG_788_cap1","TC322DG","rm",,,
"TC322DG_789_cap1","TC322DG","ag",,,
"TC322DG_790_cap1","TC322DG","ag",,,
"TC322DG_791_cap1","TC322DG","ag",,,
"TC322DG_792_cap1","TC322DG","ag",,,
"TC322DG_793_cap1","TC322DG","ag",,,
"TC322DG_794_cap1","TC322DG","ag",,,
"TC322DG_795_cap1","TC322DG","ag",,,
"TC322DG_796_cap1","TC322DG","ag",,,
"TC322DG_797_cap1","TC322DG","ag",,,
"TC323DG_798_cap1","TC323DG","rm",,,
"TC323DG_799_cap1","TC323DG","rm",,,
"TC323DG_800_cap1","TC323DG","rm",,,
"TC323DG_801_cap1","TC323DG","rm",,,
"TC323DG_802_cap1","TC323DG","rm",,,
"TC323DG_803_cap1","TC323DG","rm",,,
"TC323DG_804_cap1","TC323DG","rm",,,
"TC323DG_805_cap1","TC323DG","rm",,,
"TC323DG_806_cap1","TC323DG","rm",,,
"TC323DG_807_cap1","TC323DG","rm",,,
"TC323DG_808_cap1","TC323DG","rm",,,
"TC323DG_809_cap1","TC323DG","rm",,,
"TC323DG_810_cap1","TC323DG","rm",,,
"TC323DG_811_cap1","TC323DG","rm",,,
"TC323DG_812_cap1","TC323DG","rm",,,
"TC323DG_813_cap1","TC323DG","rm",,,
"TC323DG_814_cap1","TC323DG","rm",,,
"TC323DG_815_cap1","TC323DG","rm",,,
"TC323DG_816_cap1","TC323DG","rm",,,
"TC323DG_817_cap1","TC323DG","rm",,,
"TC323DG_818_cap1","TC323DG","rm",,,
"TC323DG_819_cap1","TC323DG","rm",,,
"TC323DG_820_cap1","TC323DG","rm",,,
"TC323DG_821_cap1","TC323DG","rm",,,
"TC323DG_822_cap1","TC323DG","rm",,,
"TC323DG_823_cap1","TC323DG","rm",,,
"TC323DG_824_cap1","TC323DG","rm",,,
"TC323DG_825_cap1","TC323DG","rm",,,
"TC323DG_826_cap1","TC323DG","rm",,,
"TC323DG_827_cap1","TC323DG","rm",,,
"TC323DG_828_cap1","TC323DG","rm",,,
"TC323DG_829_cap1","TC323DG","rm",,,
"TC323DG_830_cap1","TC323DG","rm",,,
"TC323DG_831_cap1","TC323DG","rm",,,
"TC323DG_832_cap1","TC323DG","rm",,,
"TC323DG_833_cap1","TC323DG","rm",,,
"TC323DG_834_cap1","TC323DG","rm",,,
"TC323DG_835_cap1","TC323DG","rm",,,
"TC323DG_836_cap1","TC323DG","rm",,,
"TC323DG_837_cap1","TC323DG","rm",,,
"TC323DG_838_cap1","TC323DG","rm",,,
"TC323DG_839_cap1","TC323DG","rm",,,
"TC323DG_840_cap1","TC323DG","rm",,,
"TC323DG_841_cap1","TC323DG","rm",,,
"TC323DG_842_cap1","TC323DG","rm",,,
"TC323DG_843_cap1","TC323DG","rm",,,
"TC323DG_844_cap1","TC323DG","rm",,,
"TC323DG_845_cap1","TC323DG","rm",,,
"TC323DG_846_cap1","TC323DG","rm",,,
"TC323DG_847_cap1","TC323DG","rm",,,
"TC323DG_848_cap1","TC323DG","rm",,,
"TC323DG_849_cap1","TC323DG","rm",,,
"TC323DG_850_cap1","TC323DG","rm",,,
"TC323DG_851_cap1","TC323DG","rm",,,
"TC323DG_852_cap1","TC323DG","rm",,,
"TC323DG_853_cap1","TC323DG","rm",,,
"TC323DG_854_cap1","TC323DG","rm",,,
"TC323DG_855_cap1","TC323DG","rm",,,
"TC323DG_856_cap1","TC323DG","rm",,,
"TC323DG_857_cap1","TC323DG","rm",,,
"TC323DG_858_cap1","TC323DG","rm",,,
"TC323DG_859_cap1","TC323DG","rm",,,
"TC323DG_860_cap1","TC323DG","rm",,,
"TC323DG_861_cap1","TC323DG","rm",,,
"TC323DG_862_cap1","TC323DG","ag",,,
"TC323DG_863_cap1","TC323DG","ag",,,
"TC323DG_864_cap1","TC323DG","ag",,,
"TC323DG_865_cap1","TC323DG","ag",,,
"TC323DG_866_cap1","TC323DG","ag",,,
"TC323DG_867_cap1","TC323DG","ag",,,
"TC323DG_868_cap1","TC323DG","ag",,,
"TC323DG_869_cap1","TC323DG","ag",,,
"TC323DG_870_cap1","TC323DG","ag",,,
"TC323DG_871_cap1","TC323DG","ag",,,
"TC323DG_872_cap1","TC323DG","ag",,,
"TC323DG_873_cap1","TC323DG","ag",,,
"TC323DG_874_cap1","TC323DG","ag",,,
"TC323DG_875_cap1","TC323DG","ag",,,
"TC323DG_876_cap1","TC323DG","ag",,,
"TC323DG_877_cap1","TC323DG","ag",,,
"TC323DG_878_cap1","TC323DG","ag",,,
"TC323DG_879_cap1","TC323DG","ag",,,
"TC323DG_880_cap1","TC323DG","ag",,,
"TC323DG_881_cap1","TC323DG","ag",,,
"TC323DG_882_cap1","TC323DG","ag",,,
"TC323DG_883_cap1","TC323DG","ag",,,
"TC323DG_884_cap1","TC323DG","ag",,,
"TC323DG_885_cap1","TC323DG","ag",,,
"TC323DG_886_cap1","TC323DG","LG",,,
"TC323DG_887_cap1","TC323DG","LG",,,
"TC324DG_888_cap1","TC324DG","rm",,,
"TC324DG_889_cap1","TC324DG","rm",,,
"TC324DG_890_cap1","TC324DG","rm",,,
"TC324DG_891_cap1","TC324DG","rm",,,
"TC324DG_892_cap1","TC324DG","rm",,,
"TC324DG_893_cap1","TC324DG","rm",,,
"TC324DG_894_cap1","TC324DG","rm",,,
"TC324DG_895_cap1","TC324DG","rm",,,
"TC324DG_896_cap1","TC324DG","rm",,,
"TC324DG_897_cap1","TC324DG","rm",,,
"TC324DG_898_cap1","TC324DG","rm",,,
"TC324DG_899_cap1","TC324DG","rm",,,
"TC324DG_900_cap1","TC324DG","rm",,,
"TC324DG_901_cap1","TC324DG","rm",,,
"TC324DG_902_cap1","TC324DG","rm",,,
"TC324DG_903_cap1","TC324DG","rm",,,
"TC324DG_904_cap1","TC324DG","rm",,,
"TC324DG_905_cap1","TC324DG","rm",,,
"TC324DG_906_cap1","TC324DG","rm",,,
"TC324DG_907_cap1","TC324DG","rm",,,
"TC324DG_908_cap1","TC324DG","rm",,,
"TC324DG_909_cap1","TC324DG","rm",,,
"TC324DG_910_cap1","TC324DG","rm",,,
"TC324DG_911_cap1","TC324DG","rm",,,
"TC324DG_912_cap1","TC324DG","rm",,,
"TC324DG_913_cap1","TC324DG","rm",,,
"TC324DG_914_cap1","TC324DG","rm",,,
"TC324DG_915_cap1","TC324DG","rm",,,
"TC324DG_916_cap1","TC324DG","rm",,,
"TC324DG_917_cap1","TC324DG","rm",,,
"TC324DG_918_cap1","TC324DG","ag",,,
"TC324DG_919_cap1","TC324DG","ag",,,
"TC324DG_920_cap1","TC324DG","ag",,,
"TC324DG_921_cap1","TC324DG","ag",,,
"TC324DG_922_cap1","TC324DG","ag",,,
"TC324DG_923_cap1","TC324DG","ag",,,
"TC324DG_924_cap1","TC324DG","ag",,,
"TC324DG_925_cap1","TC324DG","ag",,,
"TC324DG_926_cap1","TC324DG","ag",,,
"TC324DG_927_cap1","TC324DG","ag",,,
"TC324DG_928_cap1","TC324DG","ag",,,
"TC324DG_929_cap1","TC324DG","ag",,,
"TC324DG_930_cap1","TC324DG","ag",,,
"TC324DG_931_cap1","TC324DG","ag",,,
"TC324DG_932_cap1","TC324DG","ag",,,
"TC324DG_933_cap1","TC324DG","ag",,,
"TC324DG_934_cap1","TC324DG","ag",,,
"TC324DG_935_cap1","TC324DG","ag",,,
"TC324DG_936_cap1","TC324DG","ag",,,
"TC324DG_937_cap1","TC324DG","ag",,,
"TC324DG_938_cap1","TC324DG","ag",,,
"TC324DG_939_cap1","TC324DG","ag",,,
"TC324DG_940_cap1","TC324DG","ag",,,
"TC324DG_941_cap1","TC324DG","ag",,,
"TC324DG_942_cap1","TC324DG","ag",,,
"TC324DG_943_cap1","TC324DG","ag",,,
"TC324DG_944_cap1","TC324DG","ag",,,
"TC324DG_945_cap1","TC324DG","ag",,,
"TC324DG_946_cap1","TC324DG","ag",,,
"TC324DG_947_cap1","TC324DG","ag",,,
"TC324DG_948_cap1","TC324DG","ag",,,
"TC324DG_949_cap1","TC324DG","ag",,,
"TC324DG_950_cap1","TC324DG","ag",,,
"TC324DG_951_cap1","TC324DG","ag",,,
"TC324DG_952_cap1","TC324DG","ag",,,
"TC324DG_953_cap1","TC324DG","ag",,,
"TC324DG_954_cap1","TC324DG","ag",,,
"TC324DG_955_cap1","TC324DG","ag",,,
"TC324DG_956_cap1","TC324DG","ag",,,
"TC324DG_957_cap1","TC324DG","ag",,,
"TC324DG_958_cap1","TC324DG","ag",,,
"TC324DG_959_cap1","TC324DG","ag",,,
"TC324DG_960_cap1","TC324DG","ag",,,
"TC324DG_961_cap1","TC324DG","ag",,,
"TC324DG_962_cap1","TC324DG","ag",,,
"TC324DG_963_cap1","TC324DG","ag",,,
"TC324DG_964_cap1","TC324DG","ag",,,
"TC324DG_965_cap1","TC324DG","ag",,,
"TC324DG_966_cap1","TC324DG","ag",,,
"TC324DG_967_cap1","TC324DG","ag",,,
"TC324DG_968_cap1","TC324DG","ag",,,
"TC324DG_969_cap1","TC324DG","ag",,,
"TC324DG_970_cap1","TC324DG","ag",,,
"TC324DG_971_cap1","TC324DG","ag",,,
"TC324DG_972_cap1","TC324DG","ag",,,
"TC324DG_973_cap1","TC324DG","ag",,,
"TC324DG_974_cap1","TC324DG","ag",,,
"TC324DG_975_cap1","TC324DG","ag",,,
"TC324DG_976_cap1","TC324DG","ag",,,
"TC324DG_977_cap1","TC324DG","ag",,,
"TC324DG_978_cap1","TC324DG","ag",,,
"TC49DG_979_cap1","TC49DG","rm",,,
"TC49DG_980_cap1","TC49DG","rm",,,
"TC49DG_981_cap1","TC49DG","rm",,,
"TC49DG_982_cap1","TC49DG","rm",,,
"TC49DG_983_cap1","TC49DG","rm",,,
"TC49DG_984_cap1","TC49DG","rm",,,
"TC49DG_985_cap1","TC49DG","rm",,,
"TC49DG_986_cap1","TC49DG","rm",,,
"TC49DG_987_cap1","TC49DG","rm",,,
"TC49DG_988_cap1","TC49DG","rm",,,
"TC49DG_989_cap1","TC49DG","rm",,,
"TC49DG_990_cap1","TC49DG","rm",,,
"TC49DG_991_cap1","TC49DG","rm",,,
"TC49DG_992_cap1","TC49DG","rm",,,
"TC49DG_993_cap1","TC49DG","rm",,,
"TC49DG_994_cap1","TC49DG","rm",,,
"TC49DG_995_cap1","TC49DG","rm",,,
"TC49DG_996_cap1","TC49DG","rm",,,
"TC49DG_997_cap1","TC49DG","rm",,,
"TC49DG_998_cap1","TC49DG","rm",,,
"TC49DG_999_cap1","TC49DG","rm",,,
"TC49DG_1000_cap1","TC49DG","rm",,,
"TC49DG_1001_cap1","TC49DG","rm",,,
"TC49DG_1002_cap1","TC49DG","rm",,,
"TC49DG_1003_cap1","TC49DG","rm",,,
"TC49DG_1004_cap1","TC49DG","rm",,,
"TC49DG_1005_cap1","TC49DG","rm",,,
"TC49DG_1006_cap1","TC49DG","rm",,,
"TC49DG_1007_cap1","TC49DG","rm",,,
"TC49DG_1008_cap1","TC49DG","rm",,,
"TC49DG_1009_cap1","TC49DG","rm",,,
"TC49DG_1010_cap1","TC49DG","rm",,,
"TC49DG_1011_cap1","TC49DG","rm",,,
"TC49DG_1012_cap1","TC49DG","rm",,,
"TC49DG_1013_cap1","TC49DG","rm",,,
"TC49DG_1014_cap1","TC49DG","rm",,,
"TC49DG_1015_cap1","TC49DG","rm",,,
"TC49DG_1016_cap1","TC49DG","rm",,,
"TC49DG_1017_cap1","TC49DG","rm",,,
"TC49DG_1018_cap1","TC49DG","rm",,,
"TC49DG_1019_cap1","TC49DG","rm",,,
"TC49DG_1020_cap1","TC49DG","rm",,,
"TC49DG_1021_cap1","TC49DG","rm",,,
"TC49DG_1022_cap1","TC49DG","rm",,,
"TC49DG_1023_cap1","TC49DG","rm",,,
"TC49DG_1024_cap1","TC49DG","rm",,,
"TC49DG_1025_cap1","TC49DG","rm",,,
"TC49DG_1026_cap1","TC49DG","rm",,,
"TC49DG_1027_cap1","TC49DG","rm",,,
"TC49DG_1028_cap1","TC49DG","rm",,,
"TC49DG_1029_cap1","TC49DG","rm",,,
"TC49DG_1030_cap1","TC49DG","rm",,,
"TC49DG_1031_cap1","TC49DG","rm",,,
"TC49DG_1032_cap1","TC49DG","rm",,,
"TC51DG_1033_cap1","TC51DG","rm",,,
"TC51DG_1034_cap1","TC51DG","rm",,,
"TC51DG_1035_cap1","TC51DG","rm",,,
"TC51DG_1036_cap1","TC51DG","rm",,,
"TC51DG_1037_cap1","TC51DG","rm",,,
"TC51DG_1038_cap1","TC51DG","rm",,,
"TC51DG_1039_cap1","TC51DG","rm",,,
"TC51DG_1040_cap1","TC51DG","rm",,,
"TC51DG_1041_cap1","TC51DG","rm",,,
"TC51DG_1042_cap1","TC51DG","rm",,,
"TC51DG_1043_cap1","TC51DG","rm",,,
"TC51DG_1044_cap1","TC51DG","rm",,,
"TC51DG_1045_cap1","TC51DG","rm",,,
"TC51DG_1046_cap1","TC51DG","rm",,,
"TC51DG_1047_cap1","TC51DG","rm",,,
"TC51DG_1048_cap1","TC51DG","rm",,,
"TC51DG_1049_cap1","TC51DG","rm",,,
"TC51DG_1050_cap1","TC51DG","rm",,,
"TC51DG_1051_cap1","TC51DG","rm",,,
"TC51DG_1052_cap1","TC51DG","rm",,,
"TC51DG_1053_cap1","TC51DG","rm",,,
"TC51DG_1054_cap1","TC51DG","rm",,,
"TC51DG_1055_cap1","TC51DG","rm",,,
"TC51DG_1056_cap1","TC51DG","rm",,,
"TC51DG_1057_cap1","TC51DG","rm",,,
"TC51DG_1058_cap1","TC51DG","rm",,,
"TC51DG_1059_cap1","TC51DG","rm",,,
"TC51DG_1060_cap1","TC51DG","rm",,,
"TC51DG_1061_cap1","TC51DG","rm",,,
"TC51DG_1062_cap1","TC51DG","rm",,,
"TC51DG_1063_cap1","TC51DG","rm",,,
"TC51DG_1064_cap1","TC51DG","rm",,,
"TC53DG_1065_cap1","TC53DG","rm",,,
"TC53DG_1066_cap1","TC53DG","rm",,,
"TC53DG_1067_cap1","TC53DG","rm",,,
"TC53DG_1068_cap1","TC53DG","rm",,,
"TC53DG_1069_cap1","TC53DG","rm",,,
"TC53DG_1070_cap1","TC53DG","rm",,,
"TC53DG_1071_cap1","TC53DG","rm",,,
"TC53DG_1072_cap1","TC53DG","rm",,,
"TC53DG_1073_cap1","TC53DG","rm",,,
"TC53DG_1074_cap1","TC53DG","rm",,,
"TC53DG_1075_cap1","TC53DG","rm",,,
"TC53DG_1076_cap1","TC53DG","rm",,,
"TC53DG_1077_cap1","TC53DG","rm",,,
"TC53DG_1078_cap1","TC53DG","rm",,,
"TC53DG_1079_cap1","TC53DG","rm",,,
"TC53DG_1080_cap1","TC53DG","rm",,,
"TC53DG_1081_cap1","TC53DG","rm",,,
"TC53DG_1082_cap1","TC53DG","rm",,,
"TC53DG_1083_cap1","TC53DG","rm",,,
"TC53DG_1084_cap1","TC53DG","rm",,,
"TC53DG_1085_cap1","TC53DG","rm",,,
"TC53DG_1086_cap1","TC53DG","rm",,,
"TC53DG_1087_cap1","TC53DG","rm",,,
"TC53DG_1088_cap1","TC53DG","rm",,,
"TC53DG_1089_cap1","TC53DG","rm",,,
"TC53DG_1090_cap1","TC53DG","rm",,,
"TC53DG_1091_cap1","TC53DG","rm",,,
"TC53DG_1092_cap1","TC53DG","rm",,,
"TC53DG_1093_cap1","TC53DG","rm",,,
"TC53DG_1094_cap1","TC53DG","rm",,,
"TC53DG_1095_cap1","TC53DG","rm",,,
"TC53DG_1096_cap1","TC53DG","rm",,,
"TC53DG_1097_cap1","TC53DG","rm",,,
"TC53DG_1098_cap1","TC53DG","rm",,,
"TC53DG_1099_cap1","TC53DG","rm",,,
"TC53DG_1100_cap1","TC53DG","rm",,,
"TC53DG_1101_cap1","TC53DG","rm",,,
"TC53DG_1102_cap1","TC53DG","rm",,,
"TC53DG_1103_cap1","TC53DG","rm",,,
"TC53DG_1104_cap1","TC53DG","rm",,,
"TC53DG_1105_cap1","TC53DG","rm",,,
"TC53DG_1106_cap1","TC53DG","rm",,,
"TC53DG_1107_cap1","TC53DG","rm",,,
"TC53DG_1108_cap1","TC53DG","rm",,,
"TC53DG_1109_cap1","TC53DG","rm",,,
"TC53DG_1110_cap1","TC53DG","rm",,,
"TC53DG_1111_cap1","TC53DG","rm",,,
"TC53DG_1112_cap1","TC53DG","rm",,,
"TC53DG_1113_cap1","TC53DG","rm",,,
"TC53DG_1114_cap1","TC53DG","rm",,,
"TC53DG_1115_cap1","TC53DG","rm",,,
"TC53DG_1116_cap1","TC53DG","rm",,,
"TC53DG_1117_cap1","TC53DG","rm",,,
"TC53DG_1118_cap1","TC53DG","rm",,,
"TC53DG_1119_cap1","TC53DG","rm",,,
"TC53DG_1120_cap1","TC53DG","rm",,,
"TC53DG_1121_cap1","TC53DG","rm",,,
"TC53DG_1122_cap1","TC53DG","rm",,,
"TC53DG_1123_cap1","TC53DG","ag",,,
"TC53DG_1124_cap1","TC53DG","ag",,,
"TC53DG_1125_cap1","TC53DG","ag",,,
"TC53DG_1126_cap1","TC53DG","ag",,,
"TC53DG_1127_cap1","TC53DG","ag",,,
"TC55DG_1128_cap1","TC55DG","rm",,,
"TC55DG_1129_cap1","TC55DG","rm",,,
"TC55DG_1130_cap1","TC55DG","rm",,,
"TC55DG_1131_cap1","TC55DG","rm",,,
"TC55DG_1132_cap1","TC55DG","rm",,,
"TC55DG_1133_cap1","TC55DG","rm",,,
"TC55DG_1134_cap1","TC55DG","rm",,,
"TC55DG_1135_cap1","TC55DG","rm",,,
"TC55DG_1136_cap1","TC55DG","rm",,,
"TC55DG_1137_cap1","TC55DG","rm",,,
"TC55DG_1138_cap1","TC55DG","rm",,,
"TC55DG_1139_cap1","TC55DG","rm",,,
"TC55DG_1140_cap1","TC55DG","rm",,,
"TC55DG_1141_cap1","TC55DG","rm",,,
"TC55DG_1142_cap1","TC55DG","rm",,,
"TC55DG_1143_cap1","TC55DG","rm",,,
"TC55DG_1144_cap1","TC55DG","rm",,,
"TC55DG_1145_cap1","TC55DG","rm",,,
"TC55DG_1146_cap1","TC55DG","rm",,,
"TC55DG_1147_cap1","TC55DG","rm",,,
"TC55DG_1148_cap1","TC55DG","rm",,,
"TC55DG_1149_cap1","TC55DG","rm",,,
"TC55DG_1150_cap1","TC55DG","rm",,,
"TC55DG_1151_cap1","TC55DG","rm",,,
"TC55DG_1152_cap1","TC55DG","rm",,,
"TC55DG_1153_cap1","TC55DG","rm",,,
"TC55DG_1154_cap1","TC55DG","rm",,,
"TC55DG_1155_cap1","TC55DG","rm",,,
"TC55DG_1156_cap1","TC55DG","rm",,,
"TC55DG_1157_cap1","TC55DG","rm",,,
"TC55DG_1158_cap1","TC55DG","rm",,,
"TC55DG_1159_cap1","TC55DG","rm",,,
"TC55DG_1160_cap1","TC55DG","rm",,,
"TC55DG_1161_cap1","TC55DG","rm",,,
"TC55DG_1162_cap1","TC55DG","rm",,,
"TC55DG_1163_cap1","TC55DG","rm",,,
"TC55DG_1164_cap1","TC55DG","rm",,,
"TC55DG_1165_cap1","TC55DG","rm",,,
"TC55DG_1166_cap1","TC55DG","ag",,,
"TC55DG_1167_cap1","TC55DG","ag",,,
"TC55DG_1168_cap1","TC55DG","ag",,,
"TC55DG_1169_cap1","TC55DG","ag",,,
"TC55DG_1170_cap1","TC55DG","ag",,,
"TC55DG_1171_cap1","TC55DG","ag",,,
"TC55DG_1172_cap1","TC55DG","ag",,,
"TC55DG_1173_cap1","TC55DG","ag",,,
"TC55DG_1174_cap1","TC55DG","ag",,,
"TC55DG_1175_cap1","TC55DG","ag",,,
"TC55DG_1176_cap1","TC55DG","ag",,,
"TC55DG_1177_cap1","TC55DG","ag",,,
"TC55DG_1178_cap1","TC55DG","ag",,,
"TC55DG_1179_cap1","TC55DG","ag",,,
"TC55DG_1180_cap1","TC55DG","ag",,,
"TC55DG_1181_cap1","TC55DG","LG",,,
"TC55DG_1182_cap1","TC55DG","LG",,,
"TC56DG_1183_cap1","TC56DG","rm",,,
"TC56DG_1184_cap1","TC56DG","rm",,,
"TC56DG_1185_cap1","TC56DG","rm",,,
"TC56DG_1186_cap1","TC56DG","rm",,,
"TC56DG_1187_cap1","TC56DG","rm",,,
"TC56DG_1188_cap1","TC56DG","rm",,,
"TC56DG_1189_cap1","TC56DG","rm",,,
"TC56DG_1190_cap1","TC56DG","rm",,,
"TC56DG_1191_cap1","TC56DG","rm",,,
"TC56DG_1192_cap1","TC56DG","rm",,,
"TC56DG_1193_cap1","TC56DG","rm",,,
"TC56DG_1194_cap1","TC56DG","rm",,,
"TC56DG_1195_cap1","TC56DG","rm",,,
"TC56DG_1196_cap1","TC56DG","rm",,,
"TC56DG_1197_cap1","TC56DG","rm",,,
"TC56DG_1198_cap1","TC56DG","rm",,,
"TC56DG_1199_cap1","TC56DG","rm",,,
"TC56DG_1200_cap1","TC56DG","rm",,,
"TC56DG_1201_cap1","TC56DG","rm",,,
"TC56DG_1202_cap1","TC56DG","rm",,,
"TC56DG_1203_cap1","TC56DG","rm",,,
"TC56DG_1204_cap1","TC56DG","rm",,,
"TC56DG_1205_cap1","TC56DG","rm",,,
"TC56DG_1206_cap1","TC56DG","rm",,,
"TC56DG_1207_cap1","TC56DG","rm",,,
"TC56DG_1208_cap1","TC56DG","rm",,,
"TC56DG_1209_cap1","TC56DG","rm",,,
"TC56DG_1210_cap1","TC56DG","rm",,,
"TC56DG_1211_cap1","TC56DG","rm",,,
"TC56DG_1212_cap1","TC56DG","rm",,,
"TC56DG_1213_cap1","TC56DG","rm",,,
"TC56DG_1214_cap1","TC56DG","rm",,,
"TC56DG_1215_cap1","TC56DG","rm",,,
"TC56DG_1216_cap1","TC56DG","rm",,,
"TC56DG_1217_cap1","TC56DG","ag",,,
"TC56DG_1218_cap1","TC56DG","ag",,,
"TC56DG_1219_cap1","TC56DG","ag",,,
"TC56DG_1220_cap1","TC56DG","ag",,,
"TC56DG_1221_cap1","TC56DG","ag",,,
"TC56DG_1222_cap1","TC56DG","ag",,,
"TC56DG_1223_cap1","TC56DG","ag",,,
"TC56DG_1224_cap1","TC56DG","ag",,,
"TC56DG_1225_cap1","TC56DG","ag",,,
"TC56DG_1226_cap1","TC56DG","ag",,,
"TC56DG_1227_cap1","TC56DG","ag",,,
"TC57DG_1228_cap1","TC57DG","rm",,,
"TC57DG_1229_cap1","TC57DG","rm",,,
"TC57DG_1230_cap1","TC57DG","rm",,,
"TC57DG_1231_cap1","TC57DG","rm",,,
"TC57DG_1232_cap1","TC57DG","rm",,,
"TC57DG_1233_cap1","TC57DG","rm",,,
"TC57DG_1234_cap1","TC57DG","rm",,,
"TC57DG_1235_cap1","TC57DG","rm",,,
"TC57DG_1236_cap1","TC57DG","rm",,,
"TC57DG_1237_cap1","TC57DG","rm",,,
"TC57DG_1238_cap1","TC57DG","rm",,,
"TC57DG_1239_cap1","TC57DG","rm",,,
"TC57DG_1240_cap1","TC57DG","rm",,,
"TC57DG_1241_cap1","TC57DG","rm",,,
"TC57DG_1242_cap1","TC57DG","rm",,,
"TC57DG_1243_cap1","TC57DG","rm",,,
"TC57DG_1244_cap1","TC57DG","rm",,,
"TC57DG_1245_cap1","TC57DG","rm",,,
"TC57DG_1246_cap1","TC57DG","rm",,,
"TC57DG_1247_cap1","TC57DG","rm",,,
"TC57DG_1248_cap1","TC57DG","rm",,,
"TC57DG_1249_cap1","TC57DG","rm",,,
"TC57DG_1250_cap1","TC57DG","rm",,,
"TC57DG_1251_cap1","TC57DG","rm",,,
"TC57DG_1252_cap1","TC57DG","rm",,,
"TC57DG_1253_cap1","TC57DG","rm",,,
"TC57DG_1254_cap1","TC57DG","rm",,,
"TC57DG_1255_cap1","TC57DG","rm",,,
"TC57DG_1256_cap1","TC57DG","ag",,,
"TC57DG_1257_cap1","TC57DG","ag",,,
"TC57DG_1258_cap1","TC57DG","ag",,,
"TC57DG_1259_cap1","TC57DG","ag",,,
"TC57DG_1260_cap1","TC57DG","ag",,,
"TC57DG_1261_cap1","TC57DG","ag",,,
"TC57DG_1262_cap1","TC57DG","ag",,,
"TC58DG_1263_cap1","TC58DG","rm",,,
"TC58DG_1264_cap1","TC58DG","rm",,,
"TC58DG_1265_cap1","TC58DG","rm",,,
"TC58DG_1266_cap1","TC58DG","rm",,,
"TC58DG_1267_cap1","TC58DG","rm",,,
"TC58DG_1268_cap1","TC58DG","rm",,,
"TC58DG_1269_cap1","TC58DG","rm",,,
"TC58DG_1270_cap1","TC58DG","rm",,,
"TC58DG_1271_cap1","TC58DG","rm",,,
"TC58DG_1272_cap1","TC58DG","rm",,,
"TC58DG_1273_cap1","TC58DG","rm",,,
"TC58DG_1274_cap1","TC58DG","rm",,,
"TC58DG_1275_cap1","TC58DG","rm",,,
"TC58DG_1276_cap1","TC58DG","rm",,,
"TC58DG_1277_cap1","TC58DG","rm",,,
"TC58DG_1278_cap1","TC58DG","ag",,,
"TC58DG_1279_cap1","TC58DG","ag",,,
"TC58DG_1280_cap1","TC58DG","ag",,,
"TC58DG_1281_cap1","TC58DG","ag",,,
"TC58DG_1282_cap1","TC58DG","ag",,,
"TC58DG_1283_cap1","TC58DG","ag",,,
"TC58DG_1284_cap1","TC58DG","ag",,,
"TC58DG_1285_cap1","TC58DG","ag",,,
"TC58DG_1286_cap1","TC58DG","ag",,,
"TC58DG_1287_cap1","TC58DG","ag",,,
"TC58DG_1288_cap1","TC58DG","ag",,,
"TC58DG_1289_cap1","TC58DG","ag",,,
"TC58DG_1290_cap1","TC58DG","ag",,,
"TC58DG_1291_cap1","TC58DG","ag",,,
"TC58DG_1292_cap1","TC58DG","ag",,,
"TC59DG_1293_cap1","TC59DG","rm",,,
"TC59DG_1294_cap1","TC59DG","rm",,,
"TC59DG_1295_cap1","TC59DG","rm",,,
"TC59DG_1296_cap1","TC59DG","rm",,,
"TC59DG_1297_cap1","TC59DG","rm",,,
"TC59DG_1298_cap1","TC59DG","rm",,,
"TC59DG_1299_cap1","TC59DG","rm",,,
"TC59DG_1300_cap1","TC59DG","rm",,,
"TC59DG_1301_cap1","TC59DG","rm",,,
"TC59DG_1302_cap1","TC59DG","rm",,,
"TC59DG_1303_cap1","TC59DG","rm",,,
"TC59DG_1304_cap1","TC59DG","rm",,,
"TC59DG_1305_cap1","TC59DG","rm",,,
"TC59DG_1306_cap1","TC59DG","rm",,,
"TC59DG_1307_cap1","TC59DG","rm",,,
"TC59DG_1308_cap1","TC59DG","rm",,,
"TC59DG_1309_cap1","TC59DG","rm",,,
"TC59DG_1310_cap1","TC59DG","rm",,,
"TC59DG_1311_cap1","TC59DG","rm",,,
"TC59DG_1312_cap1","TC59DG","rm",,,
"TC59DG_1313_cap1","TC59DG","rm",,,
"TC59DG_1314_cap1","TC59DG","rm",,,
"TC59DG_1315_cap1","TC59DG","rm",,,
"TC59DG_1316_cap1","TC59DG","rm",,,
"TC59DG_1317_cap1","TC59DG","rm",,,
"TC59DG_1318_cap1","TC59DG","rm",,,
"TC59DG_1319_cap1","TC59DG","rm",,,
"TC59DG_1320_cap1","TC59DG","rm",,,
"TC59DG_1321_cap1","TC59DG","rm",,,
"TC59DG_1322_cap1","TC59DG","rm",,,
"TC59DG_1323_cap1","TC59DG","rm",,,
"TC59DG_1324_cap1","TC59DG","rm",,,
"TC59DG_1325_cap1","TC59DG","rm",,,
"TC59DG_1326_cap1","TC59DG","rm",,,
"TC59DG_1327_cap1","TC59DG","rm",,,
"TC59DG_1328_cap1","TC59DG","rm",,,
"TC59DG_1329_cap1","TC59DG","rm",,,
"TC59DG_1330_cap1","TC59DG","rm",,,
"TC59DG_1331_cap1","TC59DG","rm",,,
"TC59DG_1332_cap1","TC59DG","ag",,,
"TC60DG_1333_cap1","TC60DG","rm",,,
"TC60DG_1334_cap1","TC60DG","rm",,,
"TC60DG_1335_cap1","TC60DG","rm",,,
"TC60DG_1336_cap1","TC60DG","rm",,,
"TC60DG_1337_cap1","TC60DG","rm",,,
"TC60DG_1338_cap1","TC60DG","rm",,,
"TC60DG_1339_cap1","TC60DG","rm",,,
"TC60DG_1340_cap1","TC60DG","rm",,,
"TC60DG_1341_cap1","TC60DG","rm",,,
"TC60DG_1342_cap1","TC60DG","rm",,,
"TC60DG_1343_cap1","TC60DG","rm",,,
"TC60DG_1344_cap1","TC60DG","rm",,,
"TC60DG_1345_cap1","TC60DG","rm",,,
"TC60DG_1346_cap1","TC60DG","rm",,,
"TC60DG_1347_cap1","TC60DG","rm",,,
"TC60DG_1348_cap1","TC60DG","rm",,,
"TC60DG_1349_cap1","TC60DG","rm",,,
"TC60DG_1350_cap1","TC60DG","rm",,,
"TC60DG_1351_cap1","TC60DG","rm",,,
"TC60DG_1352_cap1","TC60DG","rm",,,
"TC60DG_1353_cap1","TC60DG","ag",,,
"TC60DG_1354_cap1","TC60DG","ag",,,
"TC60DG_1355_cap1","TC60DG","ag",,,
"TC60DG_1356_cap1","TC60DG","ag",,,
"TC60DG_1357_cap1","TC60DG","ag",,,
"TC60DG_1358_cap1","TC60DG","ag",,,
"TC60DG_1359_cap1","TC60DG","ag",,,
"TC60DG_1360_cap1","TC60DG","ag",,,
"TC60DG_1361_cap1","TC60DG","ag",,,
"TC60DG_1362_cap1","TC60DG","ag",,,
"TC60DG_1363_cap1","TC60DG","ag",,,
"TC60DG_1364_cap1","TC60DG","ag",,,
"TC60DG_1365_cap1","TC60DG","ag",,,
"TC60DG_1366_cap1","TC60DG","ag",,,
"TC60DG_1367_cap1","TC60DG","ag",,,
"TC60DG_1368_cap1","TC60DG","ag",,,
"TC60DG_1369_cap1","TC60DG","ag",,,
"TC60DG_1370_cap1","TC60DG","ag",,,
"TC60DG_1371_cap1","TC60DG","ag",,,
"TC60DG_1372_cap1","TC60DG","ag",,,
"TC60DG_1373_cap1","TC60DG","ag",,,
"TC60DG_1374_cap1","TC60DG","ag",,,
"TC60DG_1375_cap1","TC60DG","ag",,,
"TC60DG_1376_cap1","TC60DG","ag",,,
"TC60DG_1377_cap1","TC60DG","ag",,,
"TC60DG_1378_cap1","TC60DG","ag",,,
"TC60DG_1379_cap1","TC60DG","ag",,,
"TC60DG_1380_cap1","TC60DG","ag",,,
"TC60DG_1381_cap1","TC60DG","ag",,,
"TC60DG_1382_cap1","TC60DG","ag",,,
"TC60DG_1383_cap1","TC60DG","ag",,,
"TC60DG_1384_cap1","TC60DG","ag",,,
"TC60DG_1385_cap1","TC60DG","ag",,,
"TC60DG_1386_cap1","TC60DG","ag",,,
"TC60DG_1387_cap1","TC60DG","ag",,,
"TC60DG_1388_cap1","TC60DG","ag",,,
"TC60DG_1389_cap1","TC60DG","ag",,,
"TC60DG_1390_cap1","TC60DG","ag",,,
"tr01pc_1391_cap1","tr01pc","ag",,,
"tr01pc_1392_cap1","tr01pc","rm",,,
"tr01pc_1393_cap1","tr01pc","rm",,,
"tr01pc_1394_cap1","tr01pc","rm",,,
"tr01pc_1395_cap1","tr01pc","rm",,,
"tr01pc_1396_cap1","tr01pc","rm",,,
"tr01pc_1397_cap1","tr01pc","rm",,,
"tr01pc_1398_cap1","tr01pc","rm",,,
"tr01pc_1399_cap1","tr01pc","ag",,,
"tr01pc_1400_cap1","tr01pc","ag",,,
"tr01pc_1401_cap1","tr01pc","rm",,,
"tr01pc_1402_cap1","tr01pc","rm",,,
"tr01pc_1403_cap1","tr01pc","rm",,,
"tr01pc_1404_cap1","tr01pc","rm",,,
"tr01pc_1405_cap1","tr01pc","ag",,,
"tr01pc_1406_cap1","tr01pc","rm",,,
"tr01pc_1407_cap1","tr01pc","rm",,,
"tr01pc_1408_cap1","tr01pc","rm",,,
"tr01pc_1409_cap1","tr01pc","rm",,,
"tr01pc_1410_cap1","tr01pc","rm",,,
"tr01pc_1411_cap1","tr01pc","rm",,,
"tr01pc_1412_cap1","tr01pc","rm",,,
"tr01pc_1413_cap1","tr01pc","rm",,,
"tr01pc_1414_cap1","tr01pc","rm",,,
"tr01pc_1415_cap1","tr01pc","rm",,,
"tr01pc_1416_cap1","tr01pc","rm",,,
"tr01pc_1417_cap1","tr01pc","rm",,,
"tr02pc_1418_cap1","tr02pc","rm",,,
"tr02pc_1419_cap1","tr02pc","ag",,,
"tr02pc_1420_cap1","tr02pc","rm",,,
"tr02pc_1421_cap1","tr02pc","rm",,,
"tr02pc_1422_cap1","tr02pc","rm",,,
"tr02pc_1423_cap1","tr02pc","rm",,,
"tr02pc_1424_cap1","tr02pc","rm",,,
"tr02pc_1425_cap1","tr02pc","rm",,,
"tr02pc_1426_cap1","tr02pc","rm",,,
"tr02pc_1427_cap1","tr02pc","rm",,,
"tr02pc_1428_cap1","tr02pc","rm",,,
"tr02pc_1429_cap1","tr02pc","rm",,,
"tr02pc_1430_cap1","tr02pc","rm",,,
"tr02pc_1431_cap1","tr02pc","rm",,,
"tr02pc_1432_cap1","tr02pc","rm",,,
"tr02pc_1433_cap1","tr02pc","rm",,,
"tr02pc_1434_cap1","tr02pc","rm",,,
"tr02pc_1435_cap1","tr02pc","rm",,,
"tr02pc_1436_cap1","tr02pc","rm",,,
"tr02pc_1437_cap1","tr02pc","rm",,,
"tr02pc_1438_cap1","tr02pc","rm",,,
"tr02pc_1439_cap1","tr02pc","rm",,,
"tr02pc_1440_cap1","tr02pc","rm",,,
"tr02pc_1441_cap1","tr02pc","rm",,,
"tr02pc_1442_cap1","tr02pc","rm",,,
"tr02pc_1443_cap1","tr02pc","rm",,,
"tr02pc_1444_cap1","tr02pc","rm",,,
"tr02pc_1445_cap1","tr02pc","rm",,,
"tr02pc_1446_cap1","tr02pc","rm",,,
"tr02pc_1447_cap1","tr02pc","rm",,,
"tr02pc_1448_cap1","tr02pc","rm",,,
"tr02pc_1449_cap1","tr02pc","rm",,,
"tr02pc_1450_cap1","tr02pc","rm",,,
"tr02pc_1451_cap1","tr02pc","ag",,,
"tr02pc_1452_cap1","tr02pc","rm",,,
"tr02pc_1453_cap1","tr02pc","ag",,,
"tr02pc_1454_cap1","tr02pc","ag",,,
"tr02pc_1455_cap1","tr02pc","ag",,,
"tr02pc_1456_cap1","tr02pc","rm",,,
"tr02pc_1457_cap1","tr02pc","rm",,,
"tr02pc_1458_cap1","tr02pc","rm",,,
"tr02pc_1459_cap1","tr02pc","rm",,,
"tr02pc_1460_cap1","tr02pc","rm",,,
"tr02pc_1461_cap1","tr02pc","rm",,,
"tr02pc_1462_cap1","tr02pc","rm",,,
"tr02pc_1463_cap1","tr02pc","rm",,,
"tr02pc_1464_cap1","tr02pc","rm",,,
"tr02pc_1465_cap1","tr02pc","rm",,,
"tr02pc_1466_cap1","tr02pc","rm",,,
"tr02pc_1467_cap1","tr02pc","rm",,,
"tr02pc_1468_cap1","tr02pc","rm",,,
"tr02pc_1469_cap1","tr02pc","ag",,,
"tr02pc_1470_cap1","tr02pc","rm",,,
"tr02pc_1471_cap1","tr02pc","ag",,,
"tr02pc_1472_cap1","tr02pc","rm",,,
"tr02pc_1473_cap1","tr02pc","rm",,,
"tr02pc_1474_cap1","tr02pc","rm",,,
"tr02pc_1475_cap1","tr02pc","rm",,,
"tr02pc_1476_cap1","tr02pc","rm",,,
"tr02pc_1477_cap1","tr02pc","rm",,,
"tr02pc_1478_cap1","tr02pc","rm",,,
"tr02pc_1479_cap1","tr02pc","rm",,,
"tr02pc_1480_cap1","tr02pc","rm",,,
"tr02pc_1481_cap1","tr02pc","rm",,,
"tr02pc_1482_cap1","tr02pc","ag",,,
"tr02pc_1483_cap1","tr02pc","ag",,,
"tr02pc_1484_cap1","tr02pc","rm",,,
"tr02pc_1485_cap1","tr02pc","rm",,,
"tr02pc_1486_cap1","tr02pc","rm",,,
"tr02pc_1487_cap1","tr02pc","rm",,,
"tr02pc_1488_cap1","tr02pc","rm",,,
"tr02pc_1489_cap1","tr02pc","rm",,,
"tr02pc_1490_cap1","tr02pc","rm",,,
"tr02pc_1491_cap1","tr02pc","rm",,,
"tr03pc_1492_cap1","tr03pc","rm",,,
"tr03pc_1493_cap1","tr03pc","rm",,,
"tr03pc_1494_cap1","tr03pc","rm",,,
"tr03pc_1495_cap1","tr03pc","rm",,,
"tr03pc_1496_cap1","tr03pc","rm",,,
"tr03pc_1497_cap1","tr03pc","rm",,,
"tr03pc_1498_cap1","tr03pc","rm",,,
"tr03pc_1499_cap1","tr03pc","rm",,,
"tr03pc_1500_cap1","tr03pc","rm",,,
"tr03pc_1501_cap1","tr03pc","rm",,,
"tr03pc_1502_cap1","tr03pc","rm",,,
"tr03pc_1503_cap1","tr03pc","rm",,,
"tr03pc_1504_cap1","tr03pc","rm",,,
"tr03pc_1505_cap1","tr03pc","rm",,,
"tr03pc_1506_cap1","tr03pc","rm",,,
"tr03pc_1507_cap1","tr03pc","rm",,,
"tr03pc_1508_cap1","tr03pc","rm",,,
"tr03pc_1509_cap1","tr03pc","rm",,,
"tr03pc_1510_cap1","tr03pc","rm",,,
"tr03pc_1511_cap1","tr03pc","rm",,,
"tr03pc_1512_cap1","tr03pc","rm",,,
"tr03pc_1513_cap1","tr03pc","rm",,,
"tr03pc_1514_cap1","tr03pc","rm",,,
"tr03pc_1515_cap1","tr03pc","rm",,,
"tr03pc_1516_cap1","tr03pc","rm",,,
"tr03pc_1517_cap1","tr03pc","rm",,,
"tr03pc_1518_cap1","tr03pc","rm",,,
"tr03pc_1519_cap1","tr03pc","rm",,,
"tr03pc_1520_cap1","tr03pc","rm",,,
"tr03pc_1521_cap1","tr03pc","rm",,,
"tr03pc_1522_cap1","tr03pc","rm",,,
"tr03pc_1523_cap1","tr03pc","ag",,,
"tr03pc_1524_cap1","tr03pc","ag",,,
"tr04pc_1525_cap1","tr04pc","rm",,,
"tr04pc_1526_cap1","tr04pc","rm",,,
"tr04pc_1527_cap1","tr04pc","rm",,,
"tr04pc_1528_cap1","tr04pc","rm",,,
"tr04pc_1529_cap1","tr04pc","rm",,,
"tr04pc_1530_cap1","tr04pc","lr",,,
"tr04pc_1531_cap1","tr04pc","rm",,,
"tr04pc_1532_cap1","tr04pc","rm",,,
"tr04pc_1533_cap1","tr04pc","rm",,,
"tr04pc_1534_cap1","tr04pc","rm",,,
"tr04pc_1535_cap1","tr04pc","rm",,,
"tr04pc_1536_cap1","tr04pc","rm",,,
"tr04pc_1537_cap1","tr04pc","rm",,,
"tr04pc_1538_cap1","tr04pc","rm",,,
"tr04pc_1539_cap1","tr04pc","rm",,,
"tr04pc_1540_cap1","tr04pc","rm",,,
"tr04pc_1541_cap1","tr04pc","rm",,,
"tr04pc_1542_cap1","tr04pc","rm",,,
"tr04pc_1543_cap1","tr04pc","ag",,,
"tr04pc_1544_cap1","tr04pc","ag",,,
"tr04pc_1545_cap1","tr04pc","rm",,,
"tr04pc_1546_cap1","tr04pc","rm",,,
"tr04pc_1547_cap1","tr04pc","rm",,,
"tr04pc_1548_cap1","tr04pc","rm",,,
"tr04pc_1549_cap1","tr04pc","rm",,,
"tr04pc_1550_cap1","tr04pc","rm",,,
"tr04pc_1551_cap1","tr04pc","rm",,,
"tr04pc_1552_cap1","tr04pc","rm",,,
"tr04pc_1553_cap1","tr04pc","rm",,,
"tr04pc_1554_cap1","tr04pc","rm",,,
"tr04pc_1555_cap1","tr04pc","rm",,,
"tr04pc_1556_cap1","tr04pc","rm",,,
"tr04pc_1557_cap1","tr04pc","rm",,,
"tr04pc_1558_cap1","tr04pc","rm",,,
"tr04pc_1559_cap1","tr04pc","rm",,,
"tr04pc_1560_cap1","tr04pc","rm",,,
"tr04pc_1561_cap1","tr04pc","rm",,,
"tr04pc_1562_cap1","tr04pc","rm",,,
"tr04pc_1563_cap1","tr04pc","rm",,,
"tr04pc_1564_cap1","tr04pc","rm",,,
"tr04pc_1565_cap1","tr04pc","rm",,,
"tr04pc_1566_cap1","tr04pc","rm",,,
"tr04pc_1567_cap1","tr04pc","rm",,,
"tr04pc_1568_cap1","tr04pc","rm",,,
"tr04pc_1569_cap1","tr04pc","rm",,,
"tr04pc_1570_cap1","tr04pc","rm",,,
"tr04pc_1571_cap1","tr04pc","rm",,,
"tr04pc_1572_cap1","tr04pc","rm",,,
"tr04pc_1573_cap1","tr04pc","rm",,,
"tr04pc_1574_cap1","tr04pc","rm",,,
"tr04pc_1575_cap1","tr04pc","lr",,,
"tr04pc_1576_cap1","tr04pc","rm",,,
"tr04pc_1577_cap1","tr04pc","rm",,,
"tr04pc_1578_cap1","tr04pc","rm",,,
"tr04pc_1579_cap1","tr04pc","rm",,,
"tr04pc_1580_cap1","tr04pc","rm",,,
"tr04pc_1581_cap1","tr04pc","rm",,,
"tr04pc_1582_cap1","tr04pc","rm",,,
"tr04pc_1583_cap1","tr04pc","rm",,,
"tr04pc_1584_cap1","tr04pc","rm",,,
"tr04pc_1585_cap1","tr04pc","rm",,,
"tr04pc_1586_cap1","tr04pc","rm",,,
"tr04pc_1587_cap1","tr04pc","rm",,,
"tr04pc_1588_cap1","tr04pc","rm",,,
"tr04pc_1589_cap1","tr04pc","rm",,,
"tr04pc_1590_cap1","tr04pc","rm",,,
"tr04pc_1591_cap1","tr04pc","rm",,,
"tr04pc_1592_cap1","tr04pc","rm",,,
"tr04pc_1593_cap1","tr04pc","ag",,,
"tr04pc_1594_cap1","tr04pc","rm",,,
"tr04pc_1595_cap1","tr04pc","rm",,,
"tr04pc_1596_cap1","tr04pc","rm",,,
"tr04pc_1597_cap1","tr04pc","rm",,,
"tr04pc_1598_cap1","tr04pc","rm",,,
"tr04pc_1599_cap1","tr04pc","ag",,,
"tr04pc_1600_cap1","tr04pc","rm",,,
"tr04pc_1601_cap1","tr04pc","rm",,,
"tr04pc_1602_cap1","tr04pc","rm",,,
"tr04pc_1603_cap1","tr04pc","rm",,,
"tr04pc_1604_cap1","tr04pc","rm",,,
"tr04pc_1605_cap1","tr04pc","rm",,,
"tr04pc_1606_cap1","tr04pc","rm",,,
"tr04pc_1607_cap1","tr04pc","rm",,,
"tr04pc_1608_cap1","tr04pc","rm",,,
"tr04pc_1609_cap1","tr04pc","rm",,,
"tr04pc_1610_cap1","tr04pc","rm",,,
"tr04pc_1611_cap1","tr04pc","ag",,,
"tr04pc_1612_cap1","tr04pc","rm",,,
"tr04pc_1613_cap1","tr04pc","rm",,,
"tr04pc_1614_cap1","tr04pc","rm",,,
"tr04pc_1615_cap1","tr04pc","rm",,,
"tr04pc_1616_cap1","tr04pc","rm",,,
"tr04pc_1617_cap1","tr04pc","rm",,,
"tr04pc_1618_cap1","tr04pc","rm",,,
"tr04pc_1619_cap1","tr04pc","rm",,,
"tr04pc_1620_cap1","tr04pc","rm",,,
"tr04pc_1621_cap1","tr04pc","rm",,,
"tr04pc_1622_cap1","tr04pc","ag",,,
"tr04pc_1623_cap1","tr04pc","rm",,,
"tr04pc_1624_cap1","tr04pc","rm",,,
"tr04pc_1625_cap1","tr04pc","rm",,,
"tr04pc_1626_cap1","tr04pc","rm",,,
"tr04pc_1627_cap1","tr04pc","rm",,,
"tr04pc_1628_cap1","tr04pc","rm",,,
"tr04pc_1629_cap1","tr04pc","rm",,,
"tr04pc_1630_cap1","tr04pc","rm",,,
"tr04pc_1631_cap1","tr04pc","rm",,,
"tr04pc_1632_cap1","tr04pc","rm",,,
"tr04pc_1633_cap1","tr04pc","ag",,,
"tr04pc_1634_cap1","tr04pc","rm",,,
"tr04pc_1635_cap1","tr04pc","rm",,,
"tr05pc_1636_cap1","tr05pc","rm",,,
"tr05pc_1636_cap2","tr05pc","rm",,,
"tr05pc_1637_cap1","tr05pc","rm",,,
"tr05pc_1637_cap2","tr05pc","rm",,,
"tr05pc_1638_cap1","tr05pc","rm",,,
"tr05pc_1639_cap1","tr05pc","rm",,,
"tr05pc_1640_cap1","tr05pc","lr",,,
"tr05pc_1641_cap1","tr05pc","rm",,,
"tr05pc_1642_cap1","tr05pc","lr",,,
"tr05pc_1643_cap1","tr05pc","rm",,,
"tr05pc_1644_cap1","tr05pc","rm",,,
"tr05pc_1645_cap1","tr05pc","rm",,,
"tr05pc_1646_cap1","tr05pc","ag",,,
"tr05pc_1647_cap1","tr05pc","rm",,,
"tr05pc_1648_cap1","tr05pc","rm",,,
"tr05pc_1649_cap1","tr05pc","rm",,,
"tr05pc_1650_cap1","tr05pc","rm",,,
"tr05pc_1651_cap1","tr05pc","rm",,,
"tr05pc_1652_cap1","tr05pc","rm",,,
"tr05pc_1653_cap1","tr05pc","rm",,,
"tr05pc_1654_cap1","tr05pc","rm",,,
"tr05pc_1655_cap1","tr05pc","rm",,,
"tr05pc_1656_cap1","tr05pc","rm",,,
"tr05pc_1657_cap1","tr05pc","ag",,,
"tr05pc_1658_cap1","tr05pc","rm",,,
"tr05pc_1659_cap1","tr05pc","rm",,,
"tr05pc_1660_cap1","tr05pc","rm",,,
"tr05pc_1661_cap1","tr05pc","rm",,,
"tr05pc_1662_cap1","tr05pc","rm",,,
"tr05pc_1663_cap1","tr05pc","rm",,,
"tr05pc_1664_cap1","tr05pc","rm",,,
"tr05pc_1665_cap1","tr05pc","rm",,,
"tr05pc_1666_cap1","tr05pc","rm",,,
"tr05pc_1667_cap1","tr05pc","rm",,,
"tr05pc_1668_cap1","tr05pc","rm",,,
"tr05pc_1669_cap1","tr05pc","rm",,,
"tr05pc_1670_cap1","tr05pc","rm",,,
"tr05pc_1671_cap1","tr05pc","rm",,,
"tr05pc_1672_cap1","tr05pc","rm",,,
"tr05pc_1673_cap1","tr05pc","rm",,,
"tr05pc_1674_cap1","tr05pc","rm",,,
"tr05pc_1675_cap1","tr05pc","rm",,,
"tr05pc_1676_cap1","tr05pc","rm",,,
"tr05pc_1677_cap1","tr05pc","rm",,,
"tr05pc_1678_cap1","tr05pc","rm",,,
"tr05pc_1679_cap1","tr05pc","rm",,,
"tr05pc_1680_cap1","tr05pc","rm",,,
"tr05pc_1681_cap1","tr05pc","rm",,,
"tr05pc_1682_cap1","tr05pc","rm",,,
"tr05pc_1683_cap1","tr05pc","rm",,,
"tr05pc_1684_cap1","tr05pc","rm",,,
"tr05pc_1685_cap1","tr05pc","rm",,,
"tr05pc_1686_cap1","tr05pc","rm",,,
"tr05pc_1687_cap1","tr05pc","ag",,,
"tr05pc_1688_cap1","tr05pc","ag",,,
"tr06pc_1689_cap1","tr06pc","rm",,,
"tr06pc_1690_cap1","tr06pc","rm",,,
"tr06pc_1691_cap1","tr06pc","rm",,,
"tr06pc_1692_cap1","tr06pc","rm",,,
"tr06pc_1693_cap1","tr06pc","rm",,,
"tr06pc_1694_cap1","tr06pc","rm",,,
"tr06pc_1695_cap1","tr06pc","rm",,,
"tr06pc_1696_cap1","tr06pc","rm",,,
"tr06pc_1697_cap1","tr06pc","rm",,,
"tr06pc_1698_cap1","tr06pc","rm",,,
"tr06pc_1699_cap1","tr06pc","rm",,,
"tr06pc_1700_cap1","tr06pc","rm",,,
"tr06pc_1701_cap1","tr06pc","rm",,,
"tr06pc_1702_cap1","tr06pc","rm",,,
"tr06pc_1703_cap1","tr06pc","rm",,,
"tr06pc_1704_cap1","tr06pc","rm",,,
"tr06pc_1705_cap1","tr06pc","rm",,,
"tr06pc_1706_cap1","tr06pc","rm",,,
"tr06pc_1707_cap1","tr06pc","rm",,,
"tr06pc_1708_cap1","tr06pc","rm",,,
"tr06pc_1709_cap1","tr06pc","rm",,,
"tr06pc_1710_cap1","tr06pc","rm",,,
"tr06pc_1711_cap1","tr06pc","rm",,,
"tr06pc_1712_cap1","tr06pc","rm",,,
"tr06pc_1713_cap1","tr06pc","rm",,,
"tr06pc_1714_cap1","tr06pc","rm",,,
"tr06pc_1715_cap1","tr06pc","rm",,,
"tr06pc_1716_cap1","tr06pc","rm",,,
"tr06pc_1717_cap1","tr06pc","rm",,,
"tr06pc_1718_cap1","tr06pc","rm",,,
"tr06pc_1719_cap1","tr06pc","rm",,,
"tr06pc_1720_cap1","tr06pc","rm",,,
"tr06pc_1721_cap1","tr06pc","rm",,,
"tr06pc_1722_cap1","tr06pc","rm",,,
"tr06pc_1723_cap1","tr06pc","rm",,,
"tr06pc_1724_cap1","tr06pc","rm",,,
"tr06pc_1725_cap1","tr06pc","rm",,,
"tr06pc_1726_cap1","tr06pc","rm",,,
"tr07pc_1727_cap1","tr07pc","ag",,,
"tr07pc_1728_cap1","tr07pc","rm",,,
"tr07pc_1729_cap1","tr07pc","ag",,,
"tr07pc_1730_cap1","tr07pc","rm",,,
"tr07pc_1731_cap1","tr07pc","ag",,,
"tr07pc_1732_cap1","tr07pc","ag",,,
"tr07pc_1733_cap1","tr07pc","ag",,,
"tr07pc_1734_cap1","tr07pc","rm",,,
"tr07pc_1735_cap1","tr07pc","ag",,,
"tr07pc_1736_cap1","tr07pc","ag",,,
"tr07pc_1737_cap1","tr07pc","ag",,,
"tr07pc_1738_cap1","tr07pc","ag",,,
"tr07pc_1739_cap1","tr07pc","ag",,,
"tr07pc_1740_cap1","tr07pc","ag",,,
"tr07pc_1741_cap1","tr07pc","ag",,,
"tr07pc_1742_cap1","tr07pc","ag",,,
"tr07pc_1743_cap1","tr07pc","ag",,,
"tr07pc_1744_cap1","tr07pc","ag",,,
"tr07pc_1745_cap1","tr07pc","rm",,,
"tr07pc_1746_cap1","tr07pc","rm",,,
"tr07pc_1747_cap1","tr07pc","ag",,,
"tr07pc_1748_cap1","tr07pc","ag",,,
"tr07pc_1749_cap1","tr07pc","ag",,,
"tr07pc_1750_cap1","tr07pc","ag",,,
"tr07pc_1751_cap1","tr07pc","ag",,,
"tr07pc_1752_cap1","tr07pc","rm",,,
"tr07pc_1753_cap1","tr07pc","rm",,,
"tr07pc_1754_cap1","tr07pc","ag",,,
"tr07pc_1755_cap1","tr07pc","ag",,,
"tr07pc_1756_cap1","tr07pc","ag",,,
"tr07pc_1757_cap1","tr07pc","rm",,,
"tr07pc_1758_cap1","tr07pc","rm",,,
"tr07pc_1759_cap1","tr07pc","rm",,,
"tr07pc_1760_cap1","tr07pc","ag",,,
"tr07pc_1761_cap1","tr07pc","ag",,,
"tr07pc_1762_cap1","tr07pc","ag",,,
"tr07pc_1763_cap1","tr07pc","rm",,,
"tr07pc_1764_cap1","tr07pc","ag",,,
"tr07pc_1765_cap1","tr07pc","ag",,,
"tr07pc_1766_cap1","tr07pc","ag",,,
"tr07pc_1767_cap1","tr07pc","ag",,,
"tr07pc_1768_cap1","tr07pc","ag",,,
"tr07pc_1769_cap1","tr07pc","ag",,,
"tr07pc_1770_cap1","tr07pc","ag",,,
"tr07pc_1771_cap1","tr07pc","ag",,,
"tr07pc_1772_cap1","tr07pc","ag",,,
"tr07pc_1773_cap1","tr07pc","ag",,,
"tr07pc_1774_cap1","tr07pc","rm",,,
"tr08pc_1775_cap1","tr08pc","rm",,,
"tr08pc_1776_cap1","tr08pc","rm",,,
"tr08pc_1777_cap1","tr08pc","rm",,,
"tr08pc_1778_cap1","tr08pc","rm",,,
"tr08pc_1779_cap1","tr08pc","rm",,,
"tr08pc_1780_cap1","tr08pc","rm",,,
"tr08pc_1781_cap1","tr08pc","rm",,,
"tr08pc_1782_cap1","tr08pc","rm",,,
"tr08pc_1783_cap1","tr08pc","rm",,,
"tr08pc_1784_cap1","tr08pc","rm",,,
"tr08pc_1785_cap1","tr08pc","rm",,,
"tr08pc_1786_cap1","tr08pc","rm",,,
"tr08pc_1787_cap1","tr08pc","rm",,,
"tr08pc_1788_cap1","tr08pc","rm",,,
"tr08pc_1789_cap1","tr08pc","rm",,,
"tr08pc_1790_cap1","tr08pc","rm",,,
"tr08pc_1791_cap1","tr08pc","rm",,,
"tr08pc_1792_cap1","tr08pc","rm",,,
"tr08pc_1793_cap1","tr08pc","rm",,,
"tr08pc_1794_cap1","tr08pc","rm",,,
"tr08pc_1795_cap1","tr08pc","rm",,,
"tr08pc_1796_cap1","tr08pc","rm",,,
"tr08pc_1797_cap1","tr08pc","rm",,,
"tr08pc_1798_cap1","tr08pc","rm",,,
"tr08pc_1799_cap1","tr08pc","rm",,,
"tr08pc_1800_cap1","tr08pc","rm",,,
"tr08pc_1801_cap1","tr08pc","ag",,,
"tr08pc_1802_cap1","tr08pc","rm",,,
"tr08pc_1803_cap1","tr08pc","rm",,,
"tr08pc_1804_cap1","tr08pc","rm",,,
"tr08pc_1805_cap1","tr08pc","rm",,,
"tr08pc_1806_cap1","tr08pc","rm",,,
"tr08pc_1807_cap1","tr08pc","rm",,,
"tr08pc_1808_cap1","tr08pc","rm",,,
"tr08pc_1809_cap1","tr08pc","rm",,,
"tr08pc_1810_cap1","tr08pc","lr",,,
"tr08pc_1811_cap1","tr08pc","lr",,,
"tr08pc_1812_cap1","tr08pc","lr",,,
"tr08pc_1813_cap1","tr08pc","lr",,,
"tr08pc_1814_cap1","tr08pc","lr",,,
"tr08pc_1815_cap1","tr08pc","lr",,,
"tr08pc_1816_cap1","tr08pc","rm",,,
"tr08pc_1817_cap1","tr08pc","rm",,,
"tr08pc_1818_cap1","tr08pc","rm",,,
"tr08pc_1819_cap1","tr08pc","lr",,,
"tr08pc_1820_cap1","tr08pc","rm",,,
"tr08pc_1821_cap1","tr08pc","rm",,,
"tr08pc_1822_cap1","tr08pc","rm",,,
"tr08pc_1823_cap1","tr08pc","rm",,,
"tr08pc_1824_cap1","tr08pc","rm",,,
"tr09pc_1825_cap1","tr09pc","rm",,,
"tr09pc_1826_cap1","tr09pc","rm",,,
"tr09pc_1827_cap1","tr09pc","rm",,,
"tr09pc_1828_cap1","tr09pc","rm",,,
"tr09pc_1829_cap1","tr09pc","rm",,,
"tr09pc_1830_cap1","tr09pc","rm",,,
"tr09pc_1831_cap1","tr09pc","rm",,,
"tr09pc_1832_cap1","tr09pc","rm",,,
"tr09pc_1833_cap1","tr09pc","rm",,,
"tr09pc_1834_cap1","tr09pc","rm",,,
"tr09pc_1835_cap1","tr09pc","rm",,,
"tr09pc_1836_cap1","tr09pc","rm",,,
"tr09pc_1837_cap1","tr09pc","rm",,,
"tr09pc_1838_cap1","tr09pc","rm",,,
"tr09pc_1839_cap1","tr09pc","rm",,,
"tr09pc_1840_cap1","tr09pc","rm",,,
"tr09pc_1841_cap1","tr09pc","rm",,,
"tr09pc_1842_cap1","tr09pc","rm",,,
"tr09pc_1843_cap1","tr09pc","rm",,,
"tr09pc_1844_cap1","tr09pc","rm",,,
"tr09pc_1845_cap1","tr09pc","rm",,,
"tr09pc_1846_cap1","tr09pc","rm",,,
"tr09pc_1847_cap1","tr09pc","rm",,,
"tr09pc_1848_cap1","tr09pc","rm",,,
"tr09pc_1849_cap1","tr09pc","rm",,,
"tr09pc_1850_cap1","tr09pc","rm",,,
"tr09pc_1851_cap1","tr09pc","rm",,,
"tr09pc_1852_cap1","tr09pc","rm",,,
"tr09pc_1853_cap1","tr09pc","rm",,,
"tr09pc_1854_cap1","tr09pc","ag",,,
"tr09pc_1855_cap1","tr09pc","rm",,,
"tr09pc_1856_cap1","tr09pc","rm",,,
"tr09pc_1857_cap1","tr09pc","rm",,,
"tr09pc_1858_cap1","tr09pc","rm",,,
"tr09pc_1859_cap1","tr09pc","rm",,,
"tr09pc_1860_cap1","tr09pc","rm",,,
"tr09pc_1861_cap1","tr09pc","ag",,,
"tr09pc_1862_cap1","tr09pc","rm",,,
"tr09pc_1863_cap1","tr09pc","rm",,,
"tr10pc_1864_cap1","tr10pc","rm",,,
"tr10pc_1864_cap2","tr10pc","rm",,,
"tr10pc_1864_cap3","tr10pc","rm",,,
"tr10pc_1865_cap1","tr10pc","rm",,,
"tr10pc_1866_cap1","tr10pc","rm",,,
"tr10pc_1867_cap1","tr10pc","rm",,,
"tr10pc_1868_cap1","tr10pc","rm",,,
"tr10pc_1869_cap1","tr10pc","rm",,,
"tr10pc_1870_cap1","tr10pc","rm",,,
"tr10pc_1871_cap1","tr10pc","rm",,,
"tr10pc_1872_cap1","tr10pc","rm",,,
"tr10pc_1873_cap1","tr10pc","rm",,,
"tr10pc_1874_cap1","tr10pc","rm",,,
"tr10pc_1875_cap1","tr10pc","rm",,,
"tr10pc_1876_cap1","tr10pc","rm",,,
"tr10pc_1877_cap1","tr10pc","rm",,,
"tr10pc_1878_cap1","tr10pc","rm",,,
"tr10pc_1879_cap1","tr10pc","rm",,,
"tr10pc_1880_cap1","tr10pc","rm",,,
"tr10pc_1881_cap1","tr10pc","rm",,,
"tr10pc_1882_cap1","tr10pc","rm",,,
"tr10pc_1883_cap1","tr10pc","rm",,,
"tr10pc_1884_cap1","tr10pc","ag",,,
"tr10pc_1885_cap1","tr10pc","lr",,,
"tr10pc_1886_cap1","tr10pc","rm",,,
"tr10pc_1887_cap1","tr10pc","rm",,,
"tr10pc_1888_cap1","tr10pc","rm",,,
"tr10pc_1889_cap1","tr10pc","ag",,,
"tr10pc_1890_cap1","tr10pc","ag",,,
"tr10pc_1891_cap1","tr10pc","lr",,,
"tr10pc_1892_cap1","tr10pc","rm",,,
"tr10pc_1893_cap1","tr10pc","rm",,,
"tr10pc_1894_cap1","tr10pc","rm",,,
"tr10pc_1895_cap1","tr10pc","rm",,,
"tr10pc_1896_cap1","tr10pc","rm",,,
"tr10pc_1897_cap1","tr10pc","rm",,,
"tr10pc_1898_cap1","tr10pc","rm",,,
"tr10pc_1899_cap1","tr10pc","rm",,,
"tr10pc_1900_cap1","tr10pc","rm",,,
"tr10pc_1901_cap1","tr10pc","rm",,,
"tr10pc_1902_cap1","tr10pc","rm",,,
"tr10pc_1903_cap1","tr10pc","rm",,,
"tr10pc_1904_cap1","tr10pc","rm",,,
"tr10pc_1905_cap1","tr10pc","rm",,,
"tr10pc_1906_cap1","tr10pc","rm",,,
"tr10pc_1907_cap1","tr10pc","rm",,,
"tr10pc_1908_cap1","tr10pc","rm",,,
"tr10pc_1909_cap1","tr10pc","rm",,,
"tr10pc_1910_cap1","tr10pc","rm",,,
"tr11pc_1911_cap1","tr11pc","ag",,,
"tr11pc_1912_cap1","tr11pc","ag",,,
"tr11pc_1913_cap1","tr11pc","ag",,,
"tr11pc_1914_cap1","tr11pc","ag",,,
"tr11pc_1915_cap1","tr11pc","ag",,,
"tr11pc_1916_cap1","tr11pc","ag",,,
"tr11pc_1917_cap1","tr11pc","ag",,,
"tr11pc_1918_cap1","tr11pc","ag",,,
"tr11pc_1919_cap1","tr11pc","ag",,,
"tr11pc_1920_cap1","tr11pc","ag",,,
"tr11pc_1921_cap1","tr11pc","ag",,,
"tr11pc_1922_cap1","tr11pc","ag",,,
"tr11pc_1923_cap1","tr11pc","ag",,,
"tr11pc_1924_cap1","tr11pc","ag",,,
"tr11pc_1925_cap1","tr11pc","ag",,,
"tr11pc_1926_cap1","tr11pc","ag",,,
"tr11pc_1927_cap1","tr11pc","ag",,,
"tr11pc_1928_cap1","tr11pc","ag",,,
"tr11pc_1929_cap1","tr11pc","ag",,,
"tr11pc_1930_cap1","tr11pc","ag",,,
"tr11pc_1931_cap1","tr11pc","ag",,,
"tr11pc_1932_cap1","tr11pc","ag",,,
"tr11pc_1933_cap1","tr11pc","ag",,,
"tr11pc_1934_cap1","tr11pc","ag",,,
"tr11pc_1935_cap1","tr11pc","ag",,,
"tr11pc_1936_cap1","tr11pc","ag",,,
"tr11pc_1937_cap1","tr11pc","ag",,,
"tr11pc_1938_cap1","tr11pc","ag",,,
"tr11pc_1939_cap1","tr11pc","ag",,,
"tr11pc_1940_cap1","tr11pc","ag",,,
"tr11pc_1941_cap1","tr11pc","ag",,,
"tr11pc_1942_cap1","tr11pc","ag",,,
"tr11pc_1943_cap1","tr11pc","ag",,,
"tr11pc_1944_cap1","tr11pc","ag",,,
"tr11pc_1945_cap1","tr11pc","ag",,,
"tr11pc_1946_cap1","tr11pc","ag",,,
"tr11pc_1947_cap1","tr11pc","ag",,,
"tr11pc_1948_cap1","tr11pc","ag",,,
"tr11pc_1949_cap1","tr11pc","ag",,,
"tr11pc_1950_cap1","tr11pc","ag",,,
"tr11pc_1951_cap1","tr11pc","ag",,,
"tr11pc_1952_cap1","tr11pc","ag",,,
"tr11pc_1953_cap1","tr11pc","rm",,,
"tr11pc_1954_cap1","tr11pc","rm",,,
"tr11pc_1955_cap1","tr11pc","rm",,,
"tr11pc_1956_cap1","tr11pc","ag",,,
"tr11pc_1957_cap1","tr11pc","ag",,,
"tr11pc_1958_cap1","tr11pc","ag",,,
"tr11pc_1959_cap1","tr11pc","ag",,,
"tr11pc_1960_cap1","tr11pc","ag",,,
"tr11pc_1961_cap1","tr11pc","ag",,,
"tr11pc_1962_cap1","tr11pc","ag",,,
"tr11pc_1963_cap1","tr11pc","ag",,,
"tr11pc_1964_cap1","tr11pc","ag",,,
"tr11pc_1965_cap1","tr11pc","ag",,,
"tr11pc_1966_cap1","tr11pc","ag",,,
"tr11pc_1967_cap1","tr11pc","ag",,,
"tr11pc_1968_cap1","tr11pc","ag",,,
"tr11pc_1969_cap1","tr11pc","ag",,,
"tr11pc_1970_cap1","tr11pc","ag",,,
"tr11pc_1971_cap1","tr11pc","ag",,,
"tr11pc_1972_cap1","tr11pc","ag",,,
"tr11pc_1973_cap1","tr11pc","ag",,,
"tr11pc_1974_cap1","tr11pc","ag",,,
"tr11pc_1975_cap1","tr11pc","ag",,,
"tr11pc_1976_cap1","tr11pc","ag",,,
"tr11pc_1977_cap1","tr11pc","ag",,,
"tr11pc_1978_cap1","tr11pc","ag",,,
"tr11pc_1979_cap1","tr11pc","ag",,,
"tr11pc_1980_cap1","tr11pc","ag",,,
"tr11pc_1981_cap1","tr11pc","ag",,,
"tr11pc_1982_cap1","tr11pc","ag",,,
"tr11pc_1983_cap1","tr11pc","ag",,,
"tr11pc_1984_cap1","tr11pc","ag",,,
"tr11pc_1985_cap1","tr11pc","lr",,,
"tr11pc_1986_cap1","tr11pc","ag",,,
"tr11pc_1987_cap1","tr11pc","ag",,,
"tr11pc_1988_cap1","tr11pc","ag",,,
"tr11pc_1989_cap1","tr11pc","ag",,,
"tr11pc_1990_cap1","tr11pc","ag",,,
"tr11pc_1991_cap1","tr11pc","ag",,,
"tr12pc_1992_cap1","tr12pc","rm",,,
"tr12pc_1993_cap1","tr12pc","rm",,,
"tr12pc_1994_cap1","tr12pc","rm",,,
"tr12pc_1995_cap1","tr12pc","rm",,,
"tr12pc_1996_cap1","tr12pc","rm",,,
"tr12pc_1997_cap1","tr12pc","ag",,,
"tr12pc_1998_cap1","tr12pc","rm",,,
"tr12pc_1999_cap1","tr12pc","ag",,,
"tr12pc_2000_cap1","tr12pc","ag",,,
"tr12pc_2001_cap1","tr12pc","ag",,,
"tr12pc_2002_cap1","tr12pc","rm",,,
"tr12pc_2003_cap1","tr12pc","rm",,,
"tr12pc_2004_cap1","tr12pc","ag",,,
"tr12pc_2005_cap1","tr12pc","ag",,,
"tr12pc_2006_cap1","tr12pc","rm",,,
"tr12pc_2007_cap1","tr12pc","rm",,,
"tr12pc_2008_cap1","tr12pc","rm",,,
"tr12pc_2009_cap1","tr12pc","rm",,,
"tr12pc_2010_cap1","tr12pc","rm",,,
"tr12pc_2011_cap1","tr12pc","rm",,,
"tr12pc_2012_cap1","tr12pc","rm",,,
"tr12pc_2013_cap1","tr12pc","rm",,,
"tr12pc_2014_cap1","tr12pc","rm",,,
"tr12pc_2015_cap1","tr12pc","rm",,,
"tr12pc_2016_cap1","tr12pc","rm",,,
"tr12pc_2017_cap1","tr12pc","rm",,,
"tr12pc_2018_cap1","tr12pc","rm",,,
"tr13pc_2019_cap1","tr13pc","rm",,,
"tr13pc_2020_cap1","tr13pc","rm",,,
"tr13pc_2021_cap1","tr13pc","ag",,,
"tr13pc_2022_cap1","tr13pc","ag",,,
"tr13pc_2023_cap1","tr13pc","ag",,,
"tr13pc_2024_cap1","tr13pc","ag",,,
"tr13pc_2025_cap1","tr13pc","ag",,,
"tr13pc_2026_cap1","tr13pc","ag",,,
"tr13pc_2027_cap1","tr13pc","rm",,,
"tr13pc_2028_cap1","tr13pc","ag",,,
"tr13pc_2029_cap1","tr13pc","ag",,,
"tr13pc_2030_cap1","tr13pc","rm",,,
"tr13pc_2031_cap1","tr13pc","ag",,,
"tr13pc_2032_cap1","tr13pc","ag",,,
"tr13pc_2033_cap1","tr13pc","ag",,,
"tr13pc_2034_cap1","tr13pc","ag",,,
"tr13pc_2035_cap1","tr13pc","ag",,,
"tr13pc_2036_cap1","tr13pc","ag",,,
"tr13pc_2037_cap1","tr13pc","ag",,,
"tr13pc_2038_cap1","tr13pc","ag",,,
"tr13pc_2039_cap1","tr13pc","ag",,,
"tr13pc_2040_cap1","tr13pc","ag",,,
"tr13pc_2041_cap1","tr13pc","ag",,,
"tr13pc_2042_cap1","tr13pc","rm",,,
"tr13pc_2043_cap1","tr13pc","rm",,,
"tr13pc_2044_cap1","tr13pc","ag",,,
"tr13pc_2045_cap1","tr13pc","rm",,,
"tr13pc_2046_cap1","tr13pc","ag",,,
"tr13pc_2047_cap1","tr13pc","ag",,,
"tr13pc_2048_cap1","tr13pc","ag",,,
"tr13pc_2049_cap1","tr13pc","ag",,,
"tr13pc_2050_cap1","tr13pc","ag",,,
"tr13pc_2051_cap1","tr13pc","ag",,,
"tr13pc_2052_cap1","tr13pc","ag",,,
"tr13pc_2053_cap1","tr13pc","ag",,,
"tr13pc_2054_cap1","tr13pc","ag",,,
"tr13pc_2055_cap1","tr13pc","rm",,,
"tr13pc_2056_cap1","tr13pc","rm",,,
"tr13pc_2057_cap1","tr13pc","ag",,,
"tr13pc_2058_cap1","tr13pc","rm",,,
"tr13pc_2059_cap1","tr13pc","rm",,,
"tr13pc_2060_cap1","tr13pc","rm",,,
"tr13pc_2061_cap1","tr13pc","rm",,,
"tr13pc_2062_cap1","tr13pc","ag",,,
"tr13pc_2063_cap1","tr13pc","ag",,,
"tr13pc_2064_cap1","tr13pc","ag",,,
"tr13pc_2065_cap1","tr13pc","rm",,,
"tr13pc_2066_cap1","tr13pc","ag",,,
"tr13pc_2067_cap1","tr13pc","rm",,,
"tr13pc_2068_cap1","tr13pc","rm",,,
"tr13pc_2069_cap1","tr13pc","ag",,,
"tr13pc_2070_cap1","tr13pc","ag",,,
"tr13pc_2071_cap1","tr13pc","rm",,,
"tr13pc_2072_cap1","tr13pc","ag",,,
"tr13pc_2073_cap1","tr13pc","ag",,,
"tr13pc_2074_cap1","tr13pc","rm",,,
"tr13pc_2075_cap1","tr13pc","rm",,,
"tr13pc_2076_cap1","tr13pc","rm",,,
"tr13pc_2077_cap1","tr13pc","ag",,,
"tr13pc_2078_cap1","tr13pc","rm",,,
"tr13pc_2079_cap1","tr13pc","ag",,,
"tr13pc_2080_cap1","tr13pc","lr",,,
"tr13pc_2081_cap1","tr13pc","rm",,,
"tr13pc_2082_cap1","tr13pc","ag",,,
"tr13pc_2083_cap1","tr13pc","ag",,,
"tr13pc_2084_cap1","tr13pc","lr",,,
"tr13pc_2085_cap1","tr13pc","ag",,,
"tr14pc_2086_cap1","tr14pc","ag",,,
"tr14pc_2087_cap1","tr14pc","rm",,,
"tr14pc_2088_cap1","tr14pc","rm",,,
"tr14pc_2089_cap1","tr14pc","ag",,,
"tr14pc_2090_cap1","tr14pc","ag",,,
"tr14pc_2091_cap1","tr14pc","rm",,,
"tr14pc_2092_cap1","tr14pc","rm",,,
"tr14pc_2093_cap1","tr14pc","ag",,,
"tr14pc_2094_cap1","tr14pc","rm",,,
"tr14pc_2095_cap1","tr14pc","rm",,,
"tr14pc_2096_cap1","tr14pc","ag",,,
"tr14pc_2097_cap1","tr14pc","rm",,,
"tr14pc_2098_cap1","tr14pc","ag",,,
"tr14pc_2099_cap1","tr14pc","rm",,,
"tr14pc_2100_cap1","tr14pc","ag",,,
"tr14pc_2101_cap1","tr14pc","rm",,,
"tr14pc_2102_cap1","tr14pc","rm",,,
"tr14pc_2103_cap1","tr14pc","ag",,,
"tr14pc_2104_cap1","tr14pc","rm",,,
"tr14pc_2105_cap1","tr14pc","rm",,,
"tr14pc_2106_cap1","tr14pc","ag",,,
"tr14pc_2107_cap1","tr14pc","ag",,,
"tr14pc_2108_cap1","tr14pc","ag",,,
"tr14pc_2109_cap1","tr14pc","ag",,,
"tr15pc_2110_cap1","tr15pc","rm",,,
"tr15pc_2111_cap1","tr15pc","rm",,,
"tr15pc_2112_cap1","tr15pc","rm",,,
"tr15pc_2113_cap1","tr15pc","rm",,,
"tr15pc_2114_cap1","tr15pc","rm",,,
"tr15pc_2115_cap1","tr15pc","rm",,,
"tr15pc_2116_cap1","tr15pc","rm",,,
"tr15pc_2117_cap1","tr15pc","rm",,,
"tr15pc_2118_cap1","tr15pc","rm",,,
"tr15pc_2119_cap1","tr15pc","rm",,,
"tr15pc_2120_cap1","tr15pc","rm",,,
"tr15pc_2121_cap1","tr15pc","rm",,,
"tr15pc_2122_cap1","tr15pc","rm",,,
"tr15pc_2123_cap1","tr15pc","rm",,,
"tr15pc_2124_cap1","tr15pc","rm",,,
"tr15pc_2125_cap1","tr15pc","rm",,,
"tr15pc_2126_cap1","tr15pc","ag",,,
"tr15pc_2127_cap1","tr15pc","ag",,,
"tr15pc_2128_cap1","tr15pc","rm",,,
"tr15pc_2129_cap1","tr15pc","ag",,,
"tr15pc_2130_cap1","tr15pc","rm",,,
"tr15pc_2131_cap1","tr15pc","rm",,,
"tr15pc_2132_cap1","tr15pc","ag",,,
"tr15pc_2133_cap1","tr15pc","rm",,,
"tr15pc_2134_cap1","tr15pc","rm",,,
"tr15pc_2135_cap1","tr15pc","rm",,,
"tr15pc_2136_cap1","tr15pc","rm",,,
"tr15pc_2137_cap1","tr15pc","rm",,,
"tr15pc_2138_cap1","tr15pc","rm",,,
"tr15pc_2139_cap1","tr15pc","rm",,,
"tr15pc_2140_cap1","tr15pc","rm",,,
"tr15pc_2141_cap1","tr15pc","rm",,,
"tr15pc_2142_cap1","tr15pc","rm",,,
"tr15pc_2143_cap1","tr15pc","rm",,,
"tr15pc_2144_cap1","tr15pc","rm",,,
"tr15pc_2145_cap1","tr15pc","rm",,,
"tr15pc_2146_cap1","tr15pc","rm",,,
"tr15pc_2147_cap1","tr15pc","rm",,,
"tr15pc_2148_cap1","tr15pc","rm",,,
"tr15pc_2149_cap1","tr15pc","rm",,,
"tr15pc_2150_cap1","tr15pc","rm",,,
"tr15pc_2151_cap1","tr15pc","rm",,,
"tr15pc_2152_cap1","tr15pc","rm",,,
"tr15pc_2153_cap1","tr15pc","rm",,,
"tr15pc_2154_cap1","tr15pc","ag",,,
"tr15pc_2155_cap1","tr15pc","ag",,,
"tr15pc_2156_cap1","tr15pc","rm",,,
"tr15pc_2157_cap1","tr15pc","rm",,,
"tr15pc_2158_cap1","tr15pc","rm",,,
"tr15pc_2159_cap1","tr15pc","rm",,,
"tr15pc_2160_cap1","tr15pc","rm",,,
"tr16pc_2161_cap1","tr16pc","rm",,,
"tr16pc_2162_cap1","tr16pc","rm",,,
"tr16pc_2163_cap1","tr16pc","rm",,,
"tr16pc_2164_cap1","tr16pc","rm",,,
"tr16pc_2165_cap1","tr16pc","rm",,,
"tr16pc_2166_cap1","tr16pc","rm",,,
"tr16pc_2167_cap1","tr16pc","rm",,,
"tr16pc_2168_cap1","tr16pc","rm",,,
"tr16pc_2169_cap1","tr16pc","rm",,,
"tr16pc_2170_cap1","tr16pc","ag",,,
"tr16pc_2171_cap1","tr16pc","ag",,,
"tr16pc_2172_cap1","tr16pc","rm",,,
"tr16pc_2173_cap1","tr16pc","rm",,,
"tr16pc_2174_cap1","tr16pc","rm",,,
"tr16pc_2175_cap1","tr16pc","rm",,,
"tr16pc_2176_cap1","tr16pc","rm",,,
"tr16pc_2177_cap1","tr16pc","rm",,,
"tr16pc_2178_cap1","tr16pc","rm",,,
"tr16pc_2179_cap1","tr16pc","rm",,,
"tr16pc_2180_cap1","tr16pc","rm",,,
"tr16pc_2181_cap1","tr16pc","rm",,,
"tr16pc_2182_cap1","tr16pc","ag",,,
"tr16pc_2183_cap1","tr16pc","ag",,,
"tr16pc_2184_cap1","tr16pc","rm",,,
"tr16pc_2185_cap1","tr16pc","rm",,,
"tr16pc_2186_cap1","tr16pc","ag",,,
"tr16pc_2187_cap1","tr16pc","rm",,,
"tr16pc_2188_cap1","tr16pc","rm",,,
"tr16pc_2189_cap1","tr16pc","rm",,,
"tr16pc_2190_cap1","tr16pc","rm",,,
"tr16pc_2191_cap1","tr16pc","rm",,,
"tr16pc_2192_cap1","tr16pc","rm",,,
"tr16pc_2193_cap1","tr16pc","rm",,,
"tr16pc_2194_cap1","tr16pc","rm",,,
"tr16pc_2195_cap1","tr16pc","rm",,,
"tr16pc_2196_cap1","tr16pc","rm",,,
"tr16pc_2197_cap1","tr16pc","rm",,,
"tr16pc_2198_cap1","tr16pc","rm",,,
"tr16pc_2199_cap1","tr16pc","rm",,,
"tr16pc_2200_cap1","tr16pc","ag",,,
"tr16pc_2201_cap1","tr16pc","rm",,,
"tr17pc_2202_cap1","tr17pc","rm",,,
"tr17pc_2203_cap1","tr17pc","rm",,,
"tr17pc_2204_cap1","tr17pc","rm",,,
"tr17pc_2205_cap1","tr17pc","rm",,,
"tr17pc_2206_cap1","tr17pc","rm",,,
"tr17pc_2207_cap1","tr17pc","rm",,,
"tr17pc_2208_cap1","tr17pc","rm",,,
"tr17pc_2209_cap1","tr17pc","rm",,,
"tr17pc_2210_cap1","tr17pc","rm",,,
"tr17pc_2211_cap1","tr17pc","ag",,,
"tr17pc_2212_cap1","tr17pc","rm",,,
"tr17pc_2213_cap1","tr17pc","rm",,,
"tr17pc_2214_cap1","tr17pc","rm",,,
"tr17pc_2215_cap1","tr17pc","rm",,,
"tr17pc_2216_cap1","tr17pc","rm",,,
"tr17pc_2217_cap1","tr17pc","rm",,,
"tr17pc_2218_cap1","tr17pc","rm",,,
"tr17pc_2219_cap1","tr17pc","rm",,,
"tr17pc_2220_cap1","tr17pc","rm",,,
"tr17pc_2221_cap1","tr17pc","rm",,,
"tr17pc_2222_cap1","tr17pc","rm",,,
"tr17pc_2223_cap1","tr17pc","rm",,,
"tr17pc_2224_cap1","tr17pc","rm",,,
"tr17pc_2225_cap1","tr17pc","rm",,,
"tr17pc_2226_cap1","tr17pc","rm",,,
"tr17pc_2227_cap1","tr17pc","rm",,,
"tr17pc_2228_cap1","tr17pc","rm",,,
"tr17pc_2229_cap1","tr17pc","rm",,,
"tr17pc_2230_cap1","tr17pc","rm",,,
"tr17pc_2231_cap1","tr17pc","rm",,,
"tr17pc_2232_cap1","tr17pc","rm",,,
"tr17pc_2233_cap1","tr17pc","rm",,,
"tr17pc_2234_cap1","tr17pc","rm",,,
"tr17pc_2235_cap1","tr17pc","rm",,,
"tr17pc_2236_cap1","tr17pc","rm",,,
"tr17pc_2237_cap1","tr17pc","rm",,,
"tr17pc_2238_cap1","tr17pc","rm",,,
"tr17pc_2239_cap1","tr17pc","rm",,,
"tr17pc_2240_cap1","tr17pc","rm",,,
"tr17pc_2241_cap1","tr17pc","rm",,,
"tr17pc_2242_cap1","tr17pc","rm",,,
"tr17pc_2243_cap1","tr17pc","rm",,,
"tr19pc_2244_cap1","tr19pc","rm",,,
"tr19pc_2245_cap1","tr19pc","rm",,,
"tr19pc_2246_cap1","tr19pc","rm",,,
"tr19pc_2247_cap1","tr19pc","rm",,,
"tr19pc_2248_cap1","tr19pc","lr",,,
"tr19pc_2249_cap1","tr19pc","rm",,,
"tr19pc_2250_cap1","tr19pc","rm",,,
"tr19pc_2251_cap1","tr19pc","rm",,,
"tr19pc_2252_cap1","tr19pc","rm",,,
"tr19pc_2253_cap1","tr19pc","rm",,,
"tr19pc_2254_cap1","tr19pc","rm",,,
"tr19pc_2255_cap1","tr19pc","rm",,,
"tr19pc_2256_cap1","tr19pc","rm",,,
"tr19pc_2257_cap1","tr19pc","rm",,,
"tr19pc_2258_cap1","tr19pc","rm",,,
"tr19pc_2259_cap1","tr19pc","rm",,,
"tr19pc_2260_cap1","tr19pc","rm",,,
"tr19pc_2261_cap1","tr19pc","rm",,,
"tr19pc_2262_cap1","tr19pc","rm",,,
"tr19pc_2263_cap1","tr19pc","rm",,,
"tr19pc_2264_cap1","tr19pc","rm",,,
"tr19pc_2265_cap1","tr19pc","rm",,,
"tr19pc_2266_cap1","tr19pc","rm",,,
"tr19pc_2267_cap1","tr19pc","rm",,,
"tr19pc_2268_cap1","tr19pc","rm",,,
"tr19pc_2269_cap1","tr19pc","rm",,,
"tr19pc_2270_cap1","tr19pc","rm",,,
"tr19pc_2271_cap1","tr19pc","rm",,,
"tr19pc_2272_cap1","tr19pc","rm",,,
"tr19pc_2273_cap1","tr19pc","rm",,,
"tr19pc_2274_cap1","tr19pc","rm",,,
"tr19pc_2275_cap1","tr19pc","rm",,,
"tr19pc_2276_cap1","tr19pc","rm",,,
"tr19pc_2277_cap1","tr19pc","rm",,,
"tr19pc_2278_cap1","tr19pc","rm",,,
"tr19pc_2279_cap1","tr19pc","rm",,,
"tr19pc_2280_cap1","tr19pc","rm",,,
"tr19pc_2281_cap1","tr19pc","rm",,,
"tr19pc_2282_cap1","tr19pc","rm",,,
"tr19pc_2283_cap1","tr19pc","ag",,,
"tr19pc_2284_cap1","tr19pc","rm",,,
"tr19pc_2285_cap1","tr19pc","rm",,,
"tr19pc_2286_cap1","tr19pc","rm",,,
"tr19pc_2287_cap1","tr19pc","rm",,,
"tr19pc_2288_cap1","tr19pc","rm",,,
"tr19pc_2289_cap1","tr19pc","rm",,,
"tr19pc_2290_cap1","tr19pc","rm",,,
"tr19pc_2291_cap1","tr19pc","rm",,,
"tr19pc_2292_cap1","tr19pc","rm",,,
"tr19pc_2293_cap1","tr19pc","rm",,,
"tr19pc_2294_cap1","tr19pc","rm",,,
"tr19pc_2295_cap1","tr19pc","rm",,,
"tr19pc_2296_cap1","tr19pc","rm",,,
"tr19pc_2297_cap1","tr19pc","rm",,,
"tr19pc_2298_cap1","tr19pc","rm",,,
"tr19pc_2299_cap1","tr19pc","rm",,,
"tr19pc_2300_cap1","tr19pc","rm",,,
"tr19pc_2301_cap1","tr19pc","rm",,,
"tr19pc_2302_cap1","tr19pc","rm",,,
"tr19pc_2303_cap1","tr19pc","rm",,,
"tr19pc_2304_cap1","tr19pc","ag",,,
"tr19pc_2305_cap1","tr19pc","ag",,,
"tr19pc_2306_cap1","tr19pc","rm",,,
"tr19pc_2307_cap1","tr19pc","rm",,,
"tr19pc_2308_cap1","tr19pc","rm",,,
"tr19pc_2309_cap1","tr19pc","rm",,,
"tr19pc_2310_cap1","tr19pc","rm",,,
"tr19pc_2311_cap1","tr19pc","rm",,,
"tr19pc_2312_cap1","tr19pc","rm",,,
"tr19pc_2313_cap1","tr19pc","rm",,,
"tr19pc_2314_cap1","tr19pc","rm",,,
"tr19pc_2315_cap1","tr19pc","ag",,,
"tr19pc_2316_cap1","tr19pc","ag",,,
"tr19pc_2317_cap1","tr19pc","rm",,,
"tr19pc_2318_cap1","tr19pc","rm",,,
"tr19pc_2319_cap1","tr19pc","rm",,,
"tr19pc_2320_cap1","tr19pc","rm",,,
"tr19pc_2321_cap1","tr19pc","rm",,,
"tr19pc_2322_cap1","tr19pc","rm",,,
"tr19pc_2323_cap1","tr19pc","rm",,,
"tr19pc_2324_cap1","tr19pc","rm",,,
"tr19pc_2325_cap1","tr19pc","rm",,,
"tr19pc_2326_cap1","tr19pc","rm",,,
"tr19pc_2327_cap1","tr19pc","rm",,,
"tr19pc_2328_cap1","tr19pc","rm",,,
"tr19pc_2329_cap1","tr19pc","rm",,,
"tr19pc_2330_cap1","tr19pc","rm",,,
"tr19pc_2331_cap1","tr19pc","rm",,,
"tr19pc_2332_cap1","tr19pc","ag",,,
"tr19pc_2333_cap1","tr19pc","rm",,,
"tr19pc_2334_cap1","tr19pc","rm",,,
"tr19pc_2335_cap1","tr19pc","rm",,,
"tr20pc_2336_cap1","tr20pc","rm",,,
"tr20pc_2337_cap1","tr20pc","rm",,,
"tr20pc_2338_cap1","tr20pc","rm",,,
"tr20pc_2339_cap1","tr20pc","rm",,,
"tr20pc_2340_cap1","tr20pc","rm",,,
"tr20pc_2341_cap1","tr20pc","rm",,,
"tr20pc_2342_cap1","tr20pc","rm",,,
"tr20pc_2343_cap1","tr20pc","rm",,,
"tr20pc_2344_cap1","tr20pc","rm",,,
"tr20pc_2345_cap1","tr20pc","rm",,,
"tr20pc_2346_cap1","tr20pc","rm",,,
"tr20pc_2347_cap1","tr20pc","rm",,,
"tr20pc_2348_cap1","tr20pc","rm",,,
"tr20pc_2349_cap1","tr20pc","rm",,,
"tr20pc_2350_cap1","tr20pc","rm",,,
"tr20pc_2351_cap1","tr20pc","ag",,,
"tr20pc_2352_cap1","tr20pc","rm",,,
"tr20pc_2353_cap1","tr20pc","rm",,,
"tr20pc_2354_cap1","tr20pc","ag",,,
"tr20pc_2355_cap1","tr20pc","rm",,,
"tr20pc_2356_cap1","tr20pc","ag",,,
"tr20pc_2357_cap1","tr20pc","rm",,,
"tr20pc_2358_cap1","tr20pc","rm",,,
"tr20pc_2359_cap1","tr20pc","lr",,,
"tr20pc_2360_cap1","tr20pc","rm",,,
"tr20pc_2361_cap1","tr20pc","rm",,,
"tr20pc_2362_cap1","tr20pc","rm",,,
"tr20pc_2363_cap1","tr20pc","rm",,,
"tr20pc_2364_cap1","tr20pc","ag",,,
"tr20pc_2365_cap1","tr20pc","rm",,,
"tr20pc_2366_cap1","tr20pc","rm",,,
"tr20pc_2367_cap1","tr20pc","rm",,,
"tr20pc_2368_cap1","tr20pc","rm",,,
"tr20pc_2369_cap1","tr20pc","rm",,,
"tr20pc_2370_cap1","tr20pc","rm",,,
"tr20pc_2371_cap1","tr20pc","rm",,,
"tr20pc_2372_cap1","tr20pc","rm",,,
"tr20pc_2373_cap1","tr20pc","rm",,,
"tr20pc_2374_cap1","tr20pc","lr",,,
"tr20pc_2375_cap1","tr20pc","rm",,,
"tr20pc_2376_cap1","tr20pc","rm",,,
"tr20pc_2377_cap1","tr20pc","rm",,,
"tr20pc_2378_cap1","tr20pc","rm",,,
"tr20pc_2379_cap1","tr20pc","rm",,,
"tr20pc_2380_cap1","tr20pc","rm",,,
"tr20pc_2381_cap1","tr20pc","rm",,,
"tr20pc_2382_cap1","tr20pc","rm",,,
"tr20pc_2383_cap1","tr20pc","rm",,,
"tr20pc_2384_cap1","tr20pc","rm",,,
"tr21pc_2385_cap1","tr21pc","ag",,,
"tr21pc_2386_cap1","tr21pc","ag",,,
"tr21pc_2387_cap1","tr21pc","ag",,,
"tr21pc_2388_cap1","tr21pc","ag",,,
"tr21pc_2389_cap1","tr21pc","ag",,,
"tr21pc_2390_cap1","tr21pc","ag",,,
"tr21pc_2391_cap1","tr21pc","ag",,,
"tr21pc_2392_cap1","tr21pc","rm",,,
"tr21pc_2393_cap1","tr21pc","ag",,,
"tr21pc_2394_cap1","tr21pc","ag",,,
"tr21pc_2395_cap1","tr21pc","rm",,,
"tr21pc_2396_cap1","tr21pc","ag",,,
"tr21pc_2397_cap1","tr21pc","ag",,,
"tr21pc_2398_cap1","tr21pc","ag",,,
"tr21pc_2399_cap1","tr21pc","ag",,,
"tr21pc_2400_cap1","tr21pc","ag",,,
"tr21pc_2401_cap1","tr21pc","ag",,,
"tr21pc_2402_cap1","tr21pc","ag",,,
"tr21pc_2403_cap1","tr21pc","ag",,,
"tr21pc_2404_cap1","tr21pc","ag",,,
"tr21pc_2405_cap1","tr21pc","ag",,,
"tr21pc_2406_cap1","tr21pc","ag",,,
"tr21pc_2407_cap1","tr21pc","ag",,,
"tr21pc_2408_cap1","tr21pc","ag",,,
"tr21pc_2409_cap1","tr21pc","ag",,,
"tr21pc_2410_cap1","tr21pc","ag",,,
"tr21pc_2411_cap1","tr21pc","rm",,,
"tr21pc_2412_cap1","tr21pc","ag",,,
"tr21pc_2413_cap1","tr21pc","ag",,,
"tr21pc_2414_cap1","tr21pc","ag",,,
"tr21pc_2415_cap1","tr21pc","ag",,,
"tr21pc_2416_cap1","tr21pc","ag",,,
"tr21pc_2417_cap1","tr21pc","ag",,,
"tr21pc_2418_cap1","tr21pc","ag",,,
"tr21pc_2419_cap1","tr21pc","ag",,,
"tr21pc_2420_cap1","tr21pc","rm",,,
"tr21pc_2421_cap1","tr21pc","ag",,,
"tr21pc_2422_cap1","tr21pc","ag",,,
"tr21pc_2423_cap1","tr21pc","ag",,,
"tr21pc_2424_cap1","tr21pc","ag",,,
"tr21pc_2425_cap1","tr21pc","ag",,,
"tr21pc_2426_cap1","tr21pc","lr",,,
"tr21pc_2427_cap1","tr21pc","ag",,,
"tr21pc_2428_cap1","tr21pc","ag",,,
"tr21pc_2429_cap1","tr21pc","ag",,,
"tr21pc_2430_cap1","tr21pc","ag",,,
"tr22pc_2431_cap1","tr22pc","rm",,,
"tr22pc_2432_cap1","tr22pc","ag",,,
"tr22pc_2433_cap1","tr22pc","ag",,,
"tr22pc_2434_cap1","tr22pc","ag",,,
"tr22pc_2435_cap1","tr22pc","ag",,,
"tr22pc_2436_cap1","tr22pc","rm",,,
"tr22pc_2437_cap1","tr22pc","rm",,,
"tr22pc_2438_cap1","tr22pc","rm",,,
"tr22pc_2439_cap1","tr22pc","rm",,,
"tr22pc_2440_cap1","tr22pc","rm",,,
"tr22pc_2441_cap1","tr22pc","ag",,,
"tr22pc_2442_cap1","tr22pc","ag",,,
"tr22pc_2443_cap1","tr22pc","ag",,,
"tr22pc_2444_cap1","tr22pc","rm",,,
"tr22pc_2445_cap1","tr22pc","rm",,,
"tr22pc_2446_cap1","tr22pc","rm",,,
"tr22pc_2447_cap1","tr22pc","ag",,,
"tr22pc_2448_cap1","tr22pc","rm",,,
"tr22pc_2449_cap1","tr22pc","ag",,,
"tr22pc_2450_cap1","tr22pc","ag",,,
"tr22pc_2451_cap1","tr22pc","rm",,,
"tr22pc_2452_cap1","tr22pc","rm",,,
"tr22pc_2453_cap1","tr22pc","rm",,,
"tr22pc_2454_cap1","tr22pc","rm",,,
"tr22pc_2455_cap1","tr22pc","rm",,,
"tr22pc_2456_cap1","tr22pc","ag",,,
"tr22pc_2457_cap1","tr22pc","ag",,,
"tr22pc_2458_cap1","tr22pc","rm",,,
"tr22pc_2459_cap1","tr22pc","ag",,,
"tr22pc_2460_cap1","tr22pc","rm",,,
"tr22pc_2461_cap1","tr22pc","rm",,,
"tr22pc_2462_cap1","tr22pc","ag",,,
"tr22pc_2463_cap1","tr22pc","ag",,,
"tr22pc_2464_cap1","tr22pc","rm",,,
"tr22pc_2465_cap1","tr22pc","rm",,,
"tr22pc_2466_cap1","tr22pc","rm",,,
"tr22pc_2467_cap1","tr22pc","ag",,,
"tr22pc_2468_cap1","tr22pc","ag",,,
"tr22pc_2469_cap1","tr22pc","rm",,,
"tr22pc_2470_cap1","tr22pc","rm",,,
"tr22pc_2471_cap1","tr22pc","ag",,,
"tr22pc_2472_cap1","tr22pc","ag",,,
"tr22pc_2473_cap1","tr22pc","ag",,,
"tr22pc_2474_cap1","tr22pc","ag",,,
"tr22pc_2475_cap1","tr22pc","ag",,,
"tr22pc_2476_cap1","tr22pc","ag",,,
"tr22pc_2477_cap1","tr22pc","ag",,,
"tr22pc_2478_cap1","tr22pc","ag",,,
"tr22pc_2479_cap1","tr22pc","rm",,,
"tr22pc_2480_cap1","tr22pc","rm",,,
"tr22pc_2481_cap1","tr22pc","ag",,,
"tr22pc_2482_cap1","tr22pc","ag",,,
"tr22pc_2483_cap1","tr22pc","ag",,,
"tr22pc_2484_cap1","tr22pc","ag",,,
"tr22pc_2485_cap1","tr22pc","ag",,,
"tr22pc_2486_cap1","tr22pc","ag",,,
"tr22pc_2487_cap1","tr22pc","ag",,,
"tr22pc_2488_cap1","tr22pc","rm",,,
"tr22pc_2489_cap1","tr22pc","rm",,,
"tr22pc_2490_cap1","tr22pc","ag",,,
"tr22pc_2491_cap1","tr22pc","ag",,,
"tr22pc_2492_cap1","tr22pc","ag",,,
"tr22pc_2493_cap1","tr22pc","ag",,,
"tr22pc_2494_cap1","tr22pc","rm",,,
"tr22pc_2495_cap1","tr22pc","rm",,,
"tr22pc_2496_cap1","tr22pc","ag",,,
"tr22pc_2497_cap1","tr22pc","rm",,,
"tr22pc_2498_cap1","tr22pc","ag",,,
"tr22pc_2499_cap1","tr22pc","rm",,,
"tr22pc_2500_cap1","tr22pc","rm",,,
"tr22pc_2501_cap1","tr22pc","ag",,,
"tr22pc_2502_cap1","tr22pc","ag",,,
"tr22pc_2503_cap1","tr22pc","rm",,,
"tr22pc_2504_cap1","tr22pc","ag",,,
"tr22pc_2505_cap1","tr22pc","ag",,,
"tr22pc_2506_cap1","tr22pc","ag",,,
"tr22pc_2507_cap1","tr22pc","rm",,,
"tr22pc_2508_cap1","tr22pc","lr",,,
"tr24pc_2509_cap1","tr24pc","rm",,,
"tr24pc_2510_cap1","tr24pc","ag",,,
"tr24pc_2511_cap1","tr24pc","rm",,,
"tr24pc_2512_cap1","tr24pc","rm",,,
"tr24pc_2513_cap1","tr24pc","rm",,,
"tr24pc_2514_cap1","tr24pc","rm",,,
"tr24pc_2515_cap1","tr24pc","rm",,,
"tr24pc_2516_cap1","tr24pc","rm",,,
"tr24pc_2517_cap1","tr24pc","rm",,,
"tr24pc_2518_cap1","tr24pc","rm",,,
"tr24pc_2519_cap1","tr24pc","rm",,,
"tr24pc_2520_cap1","tr24pc","rm",,,
"tr24pc_2521_cap1","tr24pc","rm",,,
"tr24pc_2522_cap1","tr24pc","ag",,,
"tr24pc_2523_cap1","tr24pc","rm",,,
"tr24pc_2524_cap1","tr24pc","rm",,,
"tr24pc_2525_cap1","tr24pc","rm",,,
"tr24pc_2526_cap1","tr24pc","rm",,,
"tr24pc_2527_cap1","tr24pc","rm",,,
"tr24pc_2528_cap1","tr24pc","rm",,,
"tr24pc_2529_cap1","tr24pc","rm",,,
"tr24pc_2530_cap1","tr24pc","rm",,,
"tr24pc_2531_cap1","tr24pc","rm",,,
"tr24pc_2532_cap1","tr24pc","rm",,,
"tr24pc_2533_cap1","tr24pc","rm",,,
"tr24pc_2534_cap1","tr24pc","ag",,,
"tr24pc_2535_cap1","tr24pc","ag",,,
"tr24pc_2536_cap1","tr24pc","rm",,,
"tr24pc_2537_cap1","tr24pc","rm",,,
"tr24pc_2538_cap1","tr24pc","rm",,,
"tr24pc_2539_cap1","tr24pc","rm",,,
"tr24pc_2540_cap1","tr24pc","rm",,,
"tr24pc_2541_cap1","tr24pc","rm",,,
"tr24pc_2542_cap1","tr24pc","rm",,,
"tr24pc_2543_cap1","tr24pc","rm",,,
"tr24pc_2544_cap1","tr24pc","rm",,,
"tr24pc_2545_cap1","tr24pc","rm",,,
"tr24pc_2546_cap1","tr24pc","rm",,,
"tr24pc_2547_cap1","tr24pc","rm",,,
"tr24pc_2548_cap1","tr24pc","lr",,,
"tr24pc_2549_cap1","tr24pc","lr",,,
"tr24pc_2550_cap1","tr24pc","rm",,,
"tr24pc_2551_cap1","tr24pc","rm",,,
"tr24pc_2552_cap1","tr24pc","rm",,,
"tr24pc_2553_cap1","tr24pc","ag",,,
"tr24pc_2554_cap1","tr24pc","rm",,,
"tr24pc_2555_cap1","tr24pc","rm",,,
"tr24pc_2556_cap1","tr24pc","rm",,,
"tr24pc_2557_cap1","tr24pc","rm",,,
"tr24pc_2558_cap1","tr24pc","rm",,,
"tr24pc_2559_cap1","tr24pc","rm",,,
"tr24pc_2560_cap1","tr24pc","rm",,,
"tr24pc_2561_cap1","tr24pc","rm",,,
"tr24pc_2562_cap1","tr24pc","rm",,,
"tr24pc_2563_cap1","tr24pc","rm",,,
"tr24pc_2564_cap1","tr24pc","ag",,,
"tr24pc_2565_cap1","tr24pc","rm",,,
"tr24pc_2566_cap1","tr24pc","rm",,,
"tr24pc_2567_cap1","tr24pc","rm",,,
"tr24pc_2568_cap1","tr24pc","rm",,,
"tr24pc_2569_cap1","tr24pc","rm",,,
"tr24pc_2570_cap1","tr24pc","rm",,,
"tr24pc_2571_cap1","tr24pc","rm",,,
"tr24pc_2572_cap1","tr24pc","rm",,,
"tr24pc_2573_cap1","tr24pc","rm",,,
"tr24pc_2574_cap1","tr24pc","rm",,,
"tr24pc_2575_cap1","tr24pc","rm",,,
"tr24pc_2576_cap1","tr24pc","rm",,,
"tr24pc_2577_cap1","tr24pc","rm",,,
"tr24pc_2578_cap1","tr24pc","rm",,,
"tr24pc_2579_cap1","tr24pc","rm",,,
